date,x_servs_world.sa,x_servs_oecd.sa,x_servs_us.sa,x_servs_uk2.sa,is_jp.sa,x_uv_world.sa,x_vol_world.sa,x_cn.sa,x_oecd.sa,ipi_oecd.sa,rti_val_us.sa,freight_mar_cn.sa,container_index.sa,container_total_la.sa,container_sg.sa,tourists_world,tourists_es.sa,tourists_it.sa,bci_servs_eu.sa,pmi_nm_us.sa,pmi_nm_cn2.sa,rti_cn
2002-01-01,-99999,-99999,-99999,-99999,-99999,-99999,-99999,-99999,-99999,-99999,-99999,-99999,-99999,-99999,-99999,-99999,-99999,-99999,-99999,-99999,-99999,7.9
2002-02-01,-99999,-99999,0.011787207543812794,-0.014088082243939537,-99999,-0.004852247524283815,0.0053336793467388954,-0.018771456694393285,2.1858380966444102e-4,0.008581904734519918,0.005051056626439676,-99999,-99999,0.16022619224910817,0.03847182725090348,-99999,0.01312695522147811,0.005364910602211781,-0.006999999999999958,0.03800000000000004,-99999,9.1
2002-03-01,-99999,-99999,0.02769595990680096,-0.006179196704428458,-99999,0.012867274326973988,0.012606652656897532,-0.0042728262228026725,0.02390456426518739,0.004940772310616737,-0.0024177555621958113,-99999,-99999,-0.03717875475526855,7.277334303763539e-4,-99999,-0.006689492806269626,-0.003773051514205261,0.014499999999999957,9.999999999999432e-4,-99999,8.3
2002-04-01,-99999,-99999,-0.008170423920947911,0.007383419689119153,-99999,0.011830140732660643,0.0076209025053968205,0.06101812737408774,0.014306631528489655,0.004462519847201918,0.016622966380604343,-99999,-99999,-0.04229895294379071,0.00434853332195595,-99999,0.0033137709372674795,0.019078484593348044,0.02,0.007000000000000029,-99999,8.2
2002-05-01,-99999,-99999,0.013499525575778382,0.0240452616690241,-99999,0.015617968452968478,-0.0017281937388392565,-0.014121642859878603,0.029030427756802757,0.00512021423158493,-0.014227385612660681,-99999,-99999,0.05841085407343716,0.0010556907107079905,-99999,-0.006551335298373484,6.559145601303662e-5,-0.007999999999999972,0.012999999999999972,-99999,9.3
2002-06-01,-99999,-99999,-1.2766500702154904e-4,0.03930185836263189,-99999,0.020750347807100944,0.014457207718016951,0.038516201170753606,0.028869578621407266,2.2451927816602435e-4,0.008563365410369839,-99999,-99999,0.058121657354931466,0.0010899093372234159,-99999,-0.008147046486136067,-0.024480648881131883,-0.011499999999999986,-0.022999999999999972,-99999,8.6
2002-07-01,-99999,-99999,-0.001702417432754566,0.040231968104385674,-99999,0.013661583832274005,0.009537059559416416,0.051249593211043276,0.01668211885017601,0.00227948824051305,0.011531281873640165,-99999,-99999,-0.1065287830012035,0.009414295583362486,-99999,0.008042535586739064,0.028563779355228025,-0.008000000000000042,-0.021000000000000015,-99999,8.6
2002-08-01,-99999,-99999,0.014623124147339794,0.025319396051103338,-99999,-0.005142826881256224,-9.165714934327163e-4,0.01632579419914504,-0.0024009785592173927,0.0048628404271031656,0.008275909303644857,-99999,-99999,0.1608862478707367,-0.007670097388656205,-99999,-0.0030438902373889354,-0.005514626096579711,-0.026499999999999985,0.005,-99999,8.8
2002-09-01,-99999,-99999,-0.012773645951510537,0.002378794743996382,-99999,0.005750837684981525,0.007563808888167989,0.05143112770524838,0.007524267386538108,9.12384282922396e-4,-0.016385771323768394,-99999,-99999,0.007940682446916147,0.020431274747790384,-99999,0.009352967481027097,0.006575164984069737,0.011000000000000015,0.013999999999999986,-99999,9.1
2002-10-01,-99999,-99999,0.0040859757395190766,-0.009153576675330566,-99999,-0.0026609959195508237,0.004412437613467324,-0.019062583419179435,-0.006805775515245083,-0.0027956379446569812,0.005290741394392562,-99999,-99999,-0.25787393802923153,-0.019733282096523697,-99999,-9.192739533714356e-5,-0.01480135519256287,-0.014500000000000028,-0.008999999999999985,-99999,9.4
2002-11-01,-99999,-99999,0.0060192446271882805,-0.0037636861313868897,-99999,0.006492205509941673,0.009150529721725587,0.03121882078904248,0.02645204771698051,0.004377097781506745,0.0058620808096998545,-99999,-99999,0.29681112370016094,0.026902559772501,-99999,0.004935713889897997,0.004309837437688202,0.0015000000000000568,0.015,-99999,9.1
2002-12-01,-99999,-99999,0.0030758858972739223,0.012707498568975462,-99999,0.01478000452469952,-0.02212113269710092,-0.023861836791051916,-0.0014725694621678942,-0.0051278735822201105,0.008483868887041446,-99999,-99999,0.11085890833125056,-0.028590334628378344,-99999,-0.006141567622703459,-0.012664723434406944,-0.0030000000000000426,-0.006000000000000014,-99999,9.2
2003-01-01,-99999,-99999,-0.016172393514240158,0.02159167985530175,-99999,0.03108323347831221,0.023350109344097092,0.14436533368810078,0.03829731258525304,0.005735066753481677,0.00560206173931177,-99999,-99999,-0.0738266912542811,0.0140855776741724,-99999,0.013398364757712722,0.002977227527912296,0.005,0.01,-99999,10
2003-02-01,-99999,-99999,-0.0011955083045130932,0.01681974106451256,-99999,0.011324870539908938,-0.0014218332437841985,-0.06174536691036525,0.007516142773872803,-0.0020905275485227914,-0.015245955612757212,-99999,-99999,0.13417966875825393,0.02960419539695125,-99999,-0.016466320157293768,-0.008703346004548806,-0.006000000000000014,-0.006999999999999958,-99999,8.5
2003-03-01,-99999,-99999,-0.012268627367161167,0.003917727717923647,-99999,0.0017460268779079247,-0.005692389842621992,0.044690189661468205,-0.003865478141096612,0.0025277048411218583,0.01762097800607032,-99999,-99999,-0.04912055255656467,0.013707413168975613,-99999,0.004369541132317467,0.002829932405073121,-0.011499999999999986,-0.035,-99999,9.3
2003-04-01,-99999,-99999,-0.020254479356011434,-0.0019512195121951237,-99999,-0.011803616429497565,0.006707425433318814,0.047153025962676676,-1.261422342044849e-4,-0.0038777709043689157,-0.0022176839762989564,-99999,-99999,0.02260031408958585,-0.015999134925668956,-99999,0.008370162759500976,-0.018622890319110907,0.0275,0.01,-99999,7.7
2003-05-01,-99999,-99999,0.03193745030479733,0.0034756163788420835,-99999,0.028522191054341173,0.0033988259795691977,0.029332018978659002,0.031487489812159764,-0.003478493389377113,4.1159500548149097e-4,-99999,-99999,0.026858658775086752,0.006298880637003013,-99999,0.007742199512559056,-0.1864765123813522,-0.0029999999999999714,0.026999999999999958,-99999,4.3
2003-06-01,-99999,-99999,0.01434013954882074,0.01558610239203384,-99999,0.008056988479483662,-0.010320403011236823,-0.027017010346722214,8.243149054654175e-4,0.004044533886800705,0.011542360012417374,-99999,-99999,-0.10250950712458007,0.033718210291366235,-99999,0.016027199629682354,0.28140403085182886,0.011999999999999957,0.015,-99999,8.3
2003-07-01,-99999,-99999,0.019918973666441575,0.01875732708089095,-99999,-0.00930630079780348,0.018054968708018926,0.05351214668303883,0.002309225555475747,0.0066850809616738616,0.01100762066045724,-99999,-99999,0.056107509978505776,0.014934267000437318,-99999,-0.006227464462047805,-0.04877432461341136,0.013500000000000014,0.03,-99999,9.8
2003-08-01,-99999,-99999,0.014440582588546746,0.008787530076367789,-99999,-0.008344969442137029,-0.006238175780832633,0.009324548264396215,-0.009843473251269219,-0.005570723241141162,0.01645052043331674,-99999,-99999,0.01290253367673011,0.00799913032736943,-99999,-3.709542769514407e-5,0.02241608138446982,0.008999999999999985,0.018000000000000044,-99999,9.9
2003-09-01,-99999,-99999,0.012317983440061964,-0.008503577724774503,-99999,0.007199686055886501,0.030835284482975345,0.05241502020022004,0.029388732985340393,0.01056624070989498,-0.005325196816396094,-99999,-99999,-0.013729705017283655,-0.0038866896855777044,-99999,-0.03307464060094578,-0.02851634501045952,0.004500000000000028,-0.015,-99999,9.5
2003-10-01,-99999,-99999,0.02087110681332849,-0.016839242757033746,-99999,0.020765380259413213,0.01963437132704593,0.03328774958641745,0.03777791269580533,0.011064510300955677,-0.005903546468724596,-99999,-99999,0.03737643784892164,0.028377193904027598,-99999,0.024135085085093877,0.0499986510820698,0.013500000000000014,0.011000000000000015,-99999,10.2
2003-11-01,-99999,-99999,0.007301574772072383,-0.01106382978723408,-99999,0.007947213868447323,-2.371815497325125e-4,0.016142566143491077,0.009773278559869869,0.0037725092996239162,0.012903366665212523,-99999,-99999,0.004074047109641432,0.012616748198411187,-99999,-0.013318796488458906,-0.029058369086321534,-0.0010000000000000141,-0.012000000000000028,-99999,9.7
2003-12-01,-99999,-99999,0.018572212209074568,0.005486230636833067,-99999,0.028068913502926174,0.017802471868520797,0.069396605728542,0.050653220342977257,0.004267442923910458,-0.00276262941966976,-99999,-99999,-0.037417518657752336,0.008902352279993586,-99999,0.013308391394796448,0.033465631975300836,0.01,-0.007000000000000029,-99999,10.9
2004-01-01,-99999,-99999,0.031427911986459556,0.01947148817802513,-99999,0.02448939794599747,-0.01018335026461259,-0.06645415492418949,0.008661451457077085,-9.706002218797805e-4,0.004812870827013871,-99999,-99999,0.08700117319838574,0.00872633557124769,-99999,-0.009972907347915783,-0.00763754449022902,-0.00950000000000003,0.04400000000000006,-99999,11.8
2004-02-01,-99999,-99999,0.023346883974191712,0.026550529961171243,-99999,0.01032024858748648,0.02174319250866774,0.10070925810857423,0.031280722314247944,0.008515258555461758,0.007378327507395754,-99999,-99999,-0.11144528248233987,-0.028861837363501675,-99999,-0.0011565887902461602,0.010740856079740624,0.008000000000000042,-0.03200000000000003,-99999,9.2
2004-03-01,-99999,-99999,0.02208535296475822,0.02576160294418317,-99999,-0.008322104510996908,0.009247681177579903,0.025936224733068114,-0.013878924373698975,-4.521517761024718e-4,0.018812526024705845,-99999,-99999,0.12600951628609725,0.05408390330179036,-99999,0.02164102921100075,0.0012984558639919097,-0.016499999999999987,0.0029999999999999714,-99999,11.1
2004-04-01,-99999,-99999,-0.003637011945088253,0.015547139724935155,-99999,-7.898642080755858e-4,0.004220798985852259,7.372653651487315e-4,0.009945683667246685,0.007768426360676761,-0.011387890410768042,-99999,-99999,-0.01457839923629689,0.022426249346255034,-99999,-0.01665929744630168,0.00756866968513048,0.0125,0.013000000000000043,-99999,13.2
2004-05-01,-99999,-99999,-0.005833303510718202,-0.0040235525024533425,-99999,0.0029545566955591074,0.011655237358124237,0.04368763225636574,0.008150144343520127,0.0038469412384207757,0.018660183951747067,-99999,-99999,6.483637348753124e-4,0.015949576758424122,-99999,-0.009110044192597866,-0.024315100015389723,-0.0010000000000000141,-0.011000000000000015,-99999,17.8
2004-06-01,-99999,-99999,0.0017278617710583255,-0.025913883141196137,-99999,0.005449624748353532,0.008100214458271582,0.037596445236143916,0.0023923988660849993,-0.0032672626038208197,-0.01421485309930981,-99999,-99999,-0.045096403488578685,0.0423264388507969,-99999,-0.012684765682863253,-0.003877640779944569,0.0075,0.0010000000000000141,-99999,13.9
2004-07-01,-99999,-99999,0.004923099036941103,-0.026906736799514497,-99999,0.010028581713849238,7.213346385563923e-4,-0.0030489394497100752,0.016631061096285427,0.006073877194268107,0.011274068235559875,-99999,-99999,0.06632810753752327,-0.02173820073932109,-99999,-0.003365378182972889,0.030414889383288957,0.006999999999999958,-0.0010000000000000141,-99999,13.2
2004-08-01,-99999,-99999,-0.0012873234400142541,0.002286902286902315,-99999,0.0019907943893588964,-0.006764713003942324,0.006047241692721084,-0.009123147005042131,-0.005525832014846133,0.001965928544586548,-99999,-99999,-0.10919909923982196,0.006609453301129831,-99999,0.014447624746928733,-0.009342024740133792,-0.010999999999999944,-0.012000000000000028,-99999,13.1
2004-09-01,-99999,-99999,0.0074474560492678865,0.04822650902302428,-99999,0.0020432709758770873,0.012077103545795165,0.03908604369654367,0.010383301006944956,0.006425427951344709,0.018325398231010537,-99999,-99999,-0.028108232983038772,0.03654513927860159,-99999,0.028245721233911114,0.028689399031790908,0.010499999999999971,0.006000000000000014,-99999,14
2004-10-01,-99999,-99999,0.024949354941891544,0.06262986049272778,-99999,0.020254826894248845,0.006961597360190641,0.023163345524031875,0.03227836277198737,0.001335435165872756,0.006353201154011057,-99999,-99999,0.04386782435210668,-0.012608410832952943,-99999,-0.0236722261198985,-0.03436329757839052,0.005,0.008999999999999985,-99999,14.2
2004-11-01,-99999,-99999,0.018932695308436553,0.03621973929236488,-99999,0.02007483419940237,0.009646905890757118,0.08350318459571993,0.031430413330295615,-0.0011303169399993207,0.003835974801847497,-99999,-99999,0.053866829656773474,-0.018919006018943474,-99999,0.00825326544504068,0.03919766475266173,-4.999999999999716e-4,-0.003999999999999986,-99999,13.9
2004-12-01,-99999,-99999,0.016198740854177274,-0.009794231287626909,-99999,0.010637279889374351,0.011902339686944874,0.005295433564522778,0.011362058169801736,4.5515653444483384e-4,0.01201081581052832,-99999,-99999,-0.055459859675484835,0.04479928902729813,-99999,0.005848423091000754,-0.01806845450665584,-0.016500000000000056,0.012000000000000028,-99999,14.5
2005-01-01,-99999,-99999,0.01738052978801785,-0.03330308529945558,-99999,6.74622097078581e-4,-0.0024887934889865626,0.0011712385026978467,0.0028124600007324307,0.015241960001056265,-0.0066446290916005735,-99999,-99999,0.0564995394307477,0.004102346071253926,-99999,-0.007676271035338855,0.005533475998871662,0.014500000000000028,-0.016000000000000014,-99999,11.5
2005-02-01,-99999,-99999,0.009512837393021778,-0.021308551581714075,-99999,0.0032301570125568,-0.008256557516763019,-4.4434563845552333e-4,-0.009680187608610225,-0.0028079584280467085,0.008515811000036289,-0.005069631110171113,-99999,0.05726800033934221,-0.006117168625524916,-99999,0.014155636339118649,-0.001465524221821557,-0.02200000000000003,0.013999999999999986,-99999,15.8
2005-03-01,-99999,-99999,0.013629397763213591,0.01726453098024172,-99999,0.017508914476564552,0.004630064994588068,0.05872838484341636,0.020859082763246883,-0.003417743431454179,-1.0321807315083475e-4,0.011456757152420893,-99999,-0.09119989523205052,0.021108494070538386,-99999,-0.03193073473440189,0.011540865317855475,0.0020000000000000282,-0.013999999999999986,-99999,13.9
2005-04-01,-99999,-99999,-0.02023353813491169,0.040825947576843324,-99999,-0.0061916529859982194,0.02908478932683556,0.007332906517336424,0.01087206667044227,0.01394085840977688,0.01577068570515161,0.041774516549200724,-99999,0.061940543193057085,-0.0025587417001495805,-99999,0.011582331515632927,-0.015618444313829305,0.006499999999999986,-0.023999999999999987,-99999,12.2
2005-05-01,-99999,-99999,-3.939851598923072e-4,0.03605399039768087,-99999,-0.008767963012025537,-0.002546183031617688,9.474093495331903e-4,-0.01543071187783085,-0.007709656840092838,-0.009929845266194448,-0.011222873142649359,-99999,-0.060609020804366365,1.793407436010419e-4,-99999,0.017658407239074192,0.04332561077949393,0.007000000000000029,-0.0030000000000000426,-99999,12.8
2005-06-01,-0.012976763050408846,-0.008011997324393838,0.003547264008408435,0.013902247092768993,-99999,-0.018303335078863725,0.012808558492169997,0.04741191960960567,-0.0178639930393949,0.004240735635410164,0.025790451341176412,0.017072902936881462,-99999,0.06296397022281197,0.022651011446887193,-99999,0.007477079175733925,-0.15288728638195026,-0.006000000000000014,0.028000000000000042,-99999,12.9
2005-07-01,-99999,-99999,0.005563919617725954,-0.0022421524663677195,-99999,0.007210708057502346,-0.010551696605607397,1.761671460496217e-4,0.0015891781298731367,0.0015617449461446942,0.014564234990316338,0.018741529238522014,-99999,-0.017172669365208337,-0.028560602660556156,-99999,0.016451287323716146,0.1706985866467099,0.006499999999999986,0.013999999999999986,-99999,12.7
2005-08-01,-99999,-99999,0.00468688972789999,-0.006222990492653402,-99999,0.021369271406716184,0.009324603167471857,0.005753263725701618,0.029479771647314967,3.3836746616144886e-4,-0.015026470513375134,0.012751067792198922,-99999,-0.02777987466373888,0.020555373474240968,-99999,0.0015314553057874658,0.007282211793275595,5.000000000000426e-4,0.01799999999999997,-99999,12.5
2005-09-01,0.018826489439453864,0.006127320402160574,0.022191266036024393,-1.7394329448594537e-4,-99999,0.0026630978584587517,0.01128664552707681,0.004305663495419942,0.015341775575681948,0.0045129939602432945,0.0016602657071149718,0.05233198096679903,-99999,0.04670178660629909,0.002668939276851523,-99999,0.015322465809066266,-0.008200052333434127,0.0014999999999999857,-0.055999999999999946,-99999,12.7
2005-10-01,-99999,-99999,0.012740468418217077,0.009220598469032781,-99999,-0.005968815034113173,0.006443059511381355,0.05306889562342021,-0.005053618076996891,0.006164883831243362,0.0031473413672231665,0.01585259245072379,-99999,0.03466804770696874,0.010652763381196584,-99999,0.010073587998992606,0.026225157959131495,0.016000000000000014,0.016999999999999956,-99999,12.8
2005-11-01,-99999,-99999,-0.004349867000469465,0.019393208067574497,-99999,-0.010153552870503346,0.008644690763969898,-0.006382561134269604,-0.0033948788170438116,0.01239141476596295,0.007840452103805573,0.013389154641530565,-99999,-0.03600641757384737,-0.02347913888684594,-99999,0.025882729570457785,-0.002829273210297467,0.004499999999999957,0.01700000000000003,-99999,12.4
2005-12-01,-0.010718315413643986,0.012202480160784734,0.02140432486799093,0.027225839181533873,-99999,0.007104030922779225,0.03157637275454017,0.021105686559292902,0.02433503991760677,-0.0016030285211637851,6.825764389934985e-4,0.05098816555710428,-99999,0.040930042814017575,0.021926435214662865,-99999,0.0016579071296900505,0.015170905307573479,-0.005,-0.0010000000000000141,-99999,12.5
2006-01-01,-99999,-99999,0.017847801335507896,0.02419952259445224,-99999,0.023377214199484353,-0.009229218768889602,0.02972206354475082,0.019911836773130576,0.007120687380198332,0.029002460698939858,-0.0658312098531022,-99999,-0.011467639577003141,0.009940043720702896,-99999,0.02313349199816872,0.0010136189285931962,0.006499999999999986,-0.027000000000000027,-99999,15.5
2006-02-01,-99999,-99999,-0.011125555521963926,0.00859921240858319,-99999,-0.0031073715568338267,0.009708450945313807,-0.01666269028788503,0.004815112690991441,-0.001543695029589065,-0.008893197989040758,0.01178249146836663,-99999,-0.09480565099305138,-0.013941446447736427,-99999,0.008608755452651495,0.013063107413087804,-0.013999999999999986,0.013000000000000043,-99999,9.4
2006-03-01,0.07526573671824899,0.035146307823127554,0.025008407471949656,-0.011792828685258994,-99999,0.0035657342148711635,0.020831687036039437,0.12692155648752057,0.014804365346579473,0.004476037906347097,0.004319289911238977,0.03560728911570088,-99999,0.22305947805670745,0.01638836595299953,-99999,0.02338822667830298,-0.007301912628731699,0.01,-0.007000000000000029,-99999,13.5
2006-04-01,-99999,-99999,0.016464342171980784,-0.01572327044025157,-99999,0.018522687599770382,-0.002026175762176008,-0.020038039162451837,0.026454102757950793,0.005962343446487495,0.006090084707258692,0.009779067301331601,-99999,-0.02117180255002893,0.0026365604746529936,-99999,0.015227864849007178,0.027472556910024037,0.0125,0.015,-99999,13.5547558649441
2006-05-01,-99999,-99999,0.019953637137239966,0.0043417711149340565,-99999,0.028922479724118988,-0.002988169640084637,-0.024434731998045578,0.03573064506342294,0.005745930124394283,-0.005988264733265747,0.00531551024467225,-99999,-0.027361533535233185,0.0029041747835720777,-99999,0.01011570459657718,-0.024830751533775564,0.008500000000000014,-0.013999999999999986,-99999,14.2
2006-06-01,0.032589562899496105,0.048877604586739176,-0.012773670128599757,0.03760195758564433,-99999,-0.01100495282454006,0.013895429040404528,0.047948721177029974,-0.0043683386690539505,0.0021230552666264835,0.004630277910026903,0.0049229987854895185,-99999,0.05927053098480517,-0.0060339820718411374,-99999,0.0036454902053475458,0.03620915505721212,-0.005499999999999972,-0.01799999999999997,-99999,13.9
2006-07-01,-99999,-99999,-0.005449511875273205,0.04803081518748531,-99999,0.006765398071754358,-0.0109523549323991,-0.010374553196814351,-0.015214941397119652,-0.003603254650924592,0.007811653053576784,0.03203883730082979,-99999,0.011878205156130806,0.02676293180151057,-99999,0.005930177439640083,-0.006053078285094382,-0.0015000000000000568,0.003999999999999986,-99999,13.7
2006-08-01,-99999,-99999,0.007032348804500765,0.027902790279027867,-99999,0.012477236526300173,0.010689056681486342,0.08410508235277647,0.023574139392070315,0.007929145638966295,-2.735322230182913e-4,0.010101641212045376,-99999,0.010478437294977994,0.059764867424620505,-99999,-0.0015997679615868954,-0.004464855988500882,0.010500000000000042,-0.01700000000000003,-99999,13.8
2006-09-01,0.029988363365490267,0.02738083999034946,0.013326350093109784,-0.00766199649737298,-99999,-0.00927149316580389,0.01683055567418479,0.008054811698445796,0.01102442333094622,0.002537914653431672,-0.006400560740768668,0.018521569256594095,-99999,0.021481201101215985,-0.006813391245617306,-99999,0.004636610108697203,0.023442405314847203,-0.010500000000000042,0.006000000000000014,-99999,13.9
2006-10-01,-99999,-99999,0.04154941710216509,-0.025957791014045162,-99999,-0.012480756962354844,0.0011877364673857915,0.018409589833192186,-0.006863915034603374,0.0030038157277474387,-5.69303407775279e-4,0.022282326805942,-99999,-0.01311248506861018,-0.0028872894714061514,-99999,0.00460545382814348,-0.011481791257740181,0.00950000000000003,0.003999999999999986,-99999,14.348977057324
2006-11-01,-99999,-99999,0.02271662117828699,-0.016382304091801303,-99999,0.013953944060555612,0.01697088610750419,0.037177710129267405,0.029442655069011003,0.0026823049061459603,0.001984409537548526,-9.196819251330313e-4,-99999,-0.017322412859641978,0.0023137513982853797,-99999,-0.011898996846932075,0.0058941526543101475,-0.0020000000000000282,-0.003999999999999986,-99999,14.1
2006-12-01,0.0410988348585144,0.04165148833066468,0.013073833463622453,0.01281756082585006,-99999,0.023531466996945527,0.0032371931765073914,-0.026939652101343192,0.03362984754206777,0.010347849054350489,0.013409174470662366,0.008406807477587375,-99999,0.017487731815533092,0.015230855794390097,-99999,0.004606437482656434,-0.003119526444814835,0.0030000000000000426,-0.007999999999999972,-99999,14.6
2007-01-01,-99999,-99999,0.0080357618008621845,0.028569263413155577,-99999,-0.011826121862384964,0.0037176555981954795,0.04531581824039321,-0.018973769438469734,-0.001684477878129531,-0.0029329357711459503,0.003354890848872305,-99999,-0.03903422720562988,0.00871339732739207,4.8,0.004727998485408724,0.010438271132361399,-0.0035000000000000144,0.018999999999999986,-99999,12.7483288266178
2007-02-01,-99999,-99999,-0.0014781966001478075,0.02048183894496436,-99999,0.009762199104278668,-0.004722324577781656,0.15928000025013955,0.0036423282165194415,0.0030170907922124623,0.003348244999800798,0.036916240681540424,0.05622489959839361,0.05863527450744099,0.06978316152579112,6.9,-0.0020593068389875846,-0.005168711439319296,-0.003999999999999986,-0.013999999999999986,0.0020000000000000282,16.8579949682601
2007-03-01,0.05139932633217503,0.040531266172193714,0.03352014380881885,-0.001516136019059977,-99999,0.014777157734443325,-0.0034430378704720654,-0.17999280693890385,0.025997074905389495,0.0046045769133093994,0.009139614545366603,-0.045222839863897524,-0.04435994930291509,-0.10184106049121788,-0.05153586564168755,8.8,0.015245785954767666,0.024223382378046443,0.01,-0.02200000000000003,-0.023999999999999987,15.3380371590733
2007-04-01,-99999,-99999,-0.00792919991815022,-0.01359363702096894,-99999,0.012246686674644014,0.009417243752396054,0.1166557814844269,0.01249071383465683,-0.0014502854552307376,-0.004998021930897156,0.03877270080397244,0.03315649867374004,0.04726679143831736,0.00916642055366701,3.8,-0.014451001001742236,-0.010521737074208004,0.005,0.012999999999999972,0.021999999999999957,15.5
2007-05-01,-99999,-99999,0.017867271695972686,-0.00791672775252894,-99999,0.006367274342505835,0.0013811265433456565,-0.012026726882321426,0.008989281672965088,0.0078112226049724676,0.01461411453337913,0.015073928342216325,-0.015404364569961526,-0.06166191617990491,0.008928139660142831,5.9,-0.009836391345724005,0.0060010379119883606,-0.005500000000000043,0.009000000000000057,0.018000000000000044,15.9
2007-06-01,0.04789624898671474,0.04522868687442827,0.01446338559740612,0.01012265405645052,-99999,0.001984480920336207,0.009565476487287894,0.06114783317014827,0.006950194540126242,1.0879843414857149e-4,-0.008025941470155895,0.010384088965644134,0.005215123859191539,0.06540891251912062,0.01282800208296564,4.4,0.0320169869541449,0.0034586701394132557,-0.0014999999999999857,0.010999999999999944,-0.02200000000000003,15.9826999900954
2007-07-01,-99999,-99999,0.010861423220973832,0.02252944188428052,-99999,0.01697363420293274,0.0011205863637007152,0.002065872585153672,0.01623669303455144,0.0012507394609175826,0.0038629948614026244,0.006379264659801986,-0.0025940337224382715,-0.038482091615637426,0.014238444023699781,6,-0.017513873380565093,-0.010948141098008124,0,-0.016999999999999956,-0.006000000000000014,16.4
2007-08-01,-99999,-99999,0.02840558231443735,0.02324915945346584,-99999,-0.0055220177801582615,0.01474112739073341,0.010220808021706551,0.00995228342513288,0.007633362781903408,0.00352970509689432,0.006872385728808439,0.006501950585175553,-0.03780350630046425,0.004271672817834693,7.7,0.016376076047422083,0.007352246614704905,0.0035000000000000144,-0.008000000000000042,0.02300000000000004,17.1
2007-09-01,0.05448807687967805,0.04641541379857106,-0.0019454785637084138,0.015240492170022435,-99999,0.023274496925428823,-0.003291679159369343,0.025063663820903193,0.018222754600409896,-0.0036066969077604982,0.009294626179415344,0.020289166228974143,0.011627906976743985,0.06710305101115077,0.020114112867734013,5.9,-0.007033579897037678,0.011033447700091958,-0.0125,-0.0029999999999999714,0.0019999999999999575,17.010498046875
2007-10-01,-99999,-99999,0.048418924772585026,0.005508883073956694,-99999,0.025056285443825432,0.0065859557717604655,-0.00952931315206762,0.02403946258744849,0.005901666996196653,5.249592934102321e-4,-0.01320751127066877,0.011494252873563315,-0.03151181532153258,-0.014615565470458947,6.3,0.0064562090012594275,-0.0026648544752896353,-0.006000000000000014,0.01,-0.005,18.1
2007-11-01,-99999,-99999,0.013037689941697739,-0.003835091083413178,-99999,0.028062020754490824,0.010621546016989614,0.06439844610565393,0.04042830119780283,-0.0018992538912021573,0.009536203186046643,0.03999740813975716,0.015151515151515138,0.05895162564073364,0.0083055838128967,6.1,0.01143909005874133,0.004155584390763689,-0.011000000000000015,-0.007999999999999972,-0.007999999999999972,18.8
2007-12-01,0.052877914452751806,0.06193668541912456,-0.005279376444464634,-0.011687061735184967,-99999,0.0011252492629345578,-0.007309786484791858,-0.048541604183373166,-0.016349800506652024,0.005256984144404786,-0.009525403522989584,-0.0567154064992037,0.01492537313432818,-0.038279191021876824,0.04038785782817822,5.7,-0.013826863501558151,-0.014016408961672222,-0.006999999999999958,-0.0020000000000000282,-0.003999999999999986,20.2
2008-01-01,-99999,-99999,-0.008496389603881438,-0.013494713411240977,-99999,0.021874762385084567,0.026612167671388853,0.075471529978834,0.04488175127009808,0.006519167223900668,0.001760944387952712,0.06515821187454862,-0.001225490196078316,-0.03131567289119219,0.00591397630830115,5.9,0.005634573795717079,0.014329867114241335,-0.003999999999999986,-0.07700000000000003,0,21.2
2008-02-01,-99999,-99999,-0.005421797463701528,-0.007474263150472393,0.008620689655172376,0.01987153867021152,-0.01032533259484858,0.00475474251018726,0.011177017575261239,-0.0013518210348355542,-0.008741895103176689,0.052065523781298584,0.014723926380368235,0.07960185293008726,-0.005388968516548132,9.5,-2.7076880976628637e-4,0.009968181579398827,-0.004500000000000028,0.05100000000000002,-0.009000000000000057,19.1
2008-03-01,0.04303990601973484,0.036446605147481215,0.0199343989651668,0.003552145495879566,0.013295346628680038,0.04045357308600006,-0.017824773232454905,0.012910720351551053,0.026652105168036844,-0.010611081826015,0.0011344672034483416,0.013053744199886363,0.0036275695284160303,-0.07989240722306112,0.016412520361537286,9.4,-0.011387698158703219,-0.012319782955775072,-0.006000000000000014,-0.005,-0.003999999999999986,21.5
2008-04-01,-99999,-99999,0.008923111765372083,0.01097267450092021,-0.016869728209934376,0.01278163944102606,0.0160830101374283,0.01584403571268367,0.02308442586410897,0.005532688372118955,0.004717614115865132,-0.017716842819062273,0,-0.08327841729377461,0.017088948203570986,-0.4,0.004257015191400759,0.008737524043585632,-0.01,0.025,-0.005,22
2008-05-01,-99999,-99999,0.028709959819524622,0.011483789650584608,-0.0019065776930410339,0.0029302885064439455,0.004808751302072034,0.0462165019123264,-0.006902223503389093,-0.015058634079963773,0.0035052727493980473,0.002727866020341585,-0.0072289156626504925,0.09847073970062081,-2.515893006197478e-4,8.1,0.011676011693176225,0.020127903682902293,0.007000000000000029,-0.003999999999999986,-0.01,21.6
2008-06-01,0.03820416808957239,0.04087061046423335,-8.728288382653382e-5,0.00775354794046379,-0.0076408787010505685,0.017311444306420842,-0.012806818257505515,-0.02932067888114598,0.010940554928295931,-0.006425503955369005,0.004259069748182354,0.02074372188825091,0.00364077669902918,-0.06547104460751119,-0.0186884983451181,1.8,-0.034516526959746496,-0.11064588435650813,-0.00950000000000003,-0.03399999999999999,0,23
2008-07-01,-99999,-99999,-0.013137220670391025,0.006526069931991563,-0.0019249278152069227,0.015557040231675368,0.012869551384283362,0.05460229142563078,0.02585116310723934,-0.008598572201820587,-0.00538077763575695,-0.018358104832726596,-0.007255139056832061,0.058657916341363414,0.034228864720538876,0.6,0.013351246186318333,0.027232659638900758,-0.014499999999999957,0.02,-0.016999999999999956,23.3
2008-08-01,-99999,-99999,-0.008602007872274609,0.010237510237510294,-0.010607521697203581,-0.03375047959771926,-0.004631942446286397,0.019158102607251593,-0.04687394969204395,-0.011776560117373602,-0.006141272966850186,0.0065011551154168234,0.0036540803897686658,0.04860894124728721,-0.018482407689791924,-0.7,-0.009023649815127599,-0.008183736762344851,-0.020500000000000042,0.005,-0.028000000000000042,23.2
2008-09-01,-0.0031084488659911536,-0.027463616260913426,-0.010594874311333213,0.01634914200783677,0.004873294346978474,-0.03199457563425223,-0.01484647731586608,-0.03164451385065137,-0.04661741556186061,-0.013946833693625815,-0.020623225410483226,-0.020334226536851907,-0.009708737864077777,-0.06445685305208859,0.011422924889548103,-2.8,-0.01222806051086256,-0.002444143912097241,-0.0019999999999999575,-0.012000000000000028,0.021000000000000015,23.2
2008-10-01,-99999,-99999,0.008273592136705865,0.018944429672959284,-0.0038797284190106307,-0.06280637135936984,-0.017170509285071134,-9.914900830310103e-5,-0.08551280140575757,-0.016272772588651785,-0.039358844484194355,-0.009228639910661585,0.007352941176470784,0.0012998231803433846,-0.04007536599993433,-0.8,-0.023428011200972154,0.010517986706313653,-0.027000000000000027,-0.04699999999999996,-0.018999999999999986,22
2008-11-01,-99999,-99999,-0.031906092789267704,0.016048013569052166,-0.008763388510223957,-0.05431100204246131,-0.056890775530088034,-0.093770531895917,-0.10542283926823037,-0.04126950294997622,-0.0393025546185487,-0.0309673421277461,-0.051094890510948954,-0.01118064312427769,-0.0469566174818854,-3,-0.02100509636247805,-0.002413941593433111,-0.02,-0.06900000000000006,-0.018999999999999986,20.8
2008-12-01,-0.1090918242070188,-0.09804079821884326,-0.0021248094600212486,0.009181380417335516,-0.004911591355599265,-0.0016653205250189984,-0.06948048376560223,-0.12465284312276981,-0.04738194566809417,-0.04592909331976924,-0.02793947984309675,0.041401366115631166,-0.03589743589743588,-0.08099809228632138,-0.09699988805269799,-2.3,0.0032678517840782906,0.020163683258489495,-0.03049999999999997,0.02200000000000003,-0.0040000000000000565,19
2009-01-01,-99999,-99999,-0.037448502522797744,0.0012088051915002396,-0.008884501480750151,-0.02852552090159033,-0.04737652802135839,-0.04777854182924168,-0.0794072813895641,-0.044819128074757075,0.016104091639708162,-0.0813051097434232,-0.09973404255319152,0.013958582090251914,-0.05696335677838127,-7.7,-0.01626589949167001,-0.004392399292976967,-0.014500000000000028,0.03,0.029000000000000057,18.5
2009-02-01,-99999,-99999,-0.006973165336154663,-0.006799262883649959,-0.01294820717131484,-0.03083249453228598,0.01951220471046433,-0.07005610548612318,-0.008537798868002544,-0.013298111168337012,-0.001979021702493089,0.002650513490573214,0.07237813884785815,-0.11864324853433494,0.02501647277973662,-10.2,-0.013698786861060963,-0.008228310452797594,-0.008999999999999985,-0.013999999999999986,0.013999999999999986,11.6
2009-03-01,-0.07877669263018694,-0.08100362838103425,0.005787205191534639,-0.013819577735124766,-0.0010090817356205317,0.004244689481432973,-0.003994155235997332,0.08424075454349911,-0.005640072410258212,-0.006267001960329477,-0.017054004347098584,0.127428122839369,-0.00688705234159781,0.0987741113205387,0.0406699447138088,-12.8,-0.012013869447861536,0.01240528587529588,-0.019500000000000028,-0.015,-0.007000000000000029,14.7
2009-04-01,-99999,-99999,0.006572453475214957,-0.015245880368496167,-0.00303030303030305,-0.004014895998232126,0.0054653505953774495,-0.028213877951667632,0.004919572951259887,0.004379027704394023,0.002629698928388935,0.009678993729265173,-0.026352288488210696,-0.02572115364640959,-0.016869069516279533,-1.6,-9.213791576454522e-4,-0.0027766607420295353,0.0025,0.03600000000000001,-0.008999999999999985,14.8
2009-05-01,-99999,-99999,-0.0029418799330304113,-0.009618551946768528,-0.0020263424518743856,0.028288920265919337,-0.008737565201987652,-0.011709277223860837,0.024627361190918684,0.009025989772346366,0.012499872761881692,0.14264607299576992,0.007122507122507171,-0.019288077490064892,-0.02788458456618137,-10.7,-0.019997305055441728,-0.029155369708538714,0.011000000000000015,0.006999999999999958,0.013999999999999986,15.2
2009-06-01,0.019241475275035835,0.0217073520792459,0.006236956365293755,2.6608128783345286e-4,0.003045685279187804,0.020981943137703185,0.024213446369651725,0.02313215192623108,0.045209979255929955,0.007392352118101186,0.014667886477193415,-0.0511981451357475,0.004243281471004279,-0.020345623966009807,0.014007404687142788,-7.6,0.011827075810362242,0.034208127727335835,0.011000000000000015,0.02,0.005,15
2009-07-01,-99999,-99999,0.0038858559610936982,0.004123162864933194,-0.002024291497975783,0.005622339713499125,0.026879786457128185,0.04058905270454716,0.03382183083163626,0.011676477136413288,0.004709627985626907,0.031008071699677675,0.009859154929577452,-0.008301609412718625,0.018377203651665397,-3.2,-0.022623227557161174,-0.020993376940029673,0.012999999999999972,0.007000000000000029,0.018999999999999986,15.2
2009-08-01,-99999,-99999,0.01253858940869157,-0.0013908205841446364,0.0020283975659229903,0.014704896494126762,-0.001614403978087986,0.02315656438353053,0.009140640289601487,0.007936689478194925,0.023102462114986233,0.006737299061943869,0.01115760111576014,0.01683758255469381,0.04086271481145909,-2.5,-0.008575624482872968,0.03851788887652541,0.027000000000000027,0.01799999999999997,0,15.4
2009-09-01,0.051283740505198905,0.047690058940944136,0.017824475819691266,-0.012269531768139053,0.0030364372469635637,0.0158778660928367,0.029821354529533828,0.0692053550615197,0.044466266349277195,0.019731526593931514,-0.02760909657561128,-0.00954984237584,0.0234482758620691,-0.013381520545206138,-0.014104311215572651,-1,0.015536920712395874,-0.025162382219656276,0.012999999999999972,0.012000000000000028,0.006000000000000014,15.5221510612396
2009-10-01,-99999,-99999,0.026890640121664644,-0.01624924461156252,-0.0020181634712410634,0.016484820429053526,0.018620874724181835,0.027527236091412055,0.028118788132659223,0.003357174850191491,0.00917907118901784,-0.004041471126787655,0.02156334231805923,0.1016159161654584,0.05085366808113667,1.4,0.02369333049927702,0.016434507135390186,0.006000000000000014,0.008999999999999985,0.016000000000000014,16.2149027542226
2009-11-01,-99999,-99999,0.012251767081790543,-0.00900962391645621,-0.0010111223458039165,0.008638028360801409,0.0070503127839696145,0.004070958776309697,0.014038076198250149,0.013681784483790871,0.010749026759608649,-0.012119607906749374,0.01715039577836408,-0.04757847955093342,0.0438032697509978,2.1,0.018037269801240097,0.002540938587753283,0.012999999999999972,-0.015,-0.011000000000000015,15.8128038566818
2009-12-01,0.04085742272014681,0.04317887659729047,-0.0017734033827669915,0.0061298987533575655,-0.002024291497975783,-0.003396227150661457,0.018274344356050243,0.05963095588583722,0.0021180851764805997,-0.0013806056994303262,0.004288870316740523,-0.009005222159315984,0.025940337224383825,0.04679669292121269,-0.05267339566895701,2,0.013594589939029955,0.014744733922983366,0.012000000000000028,0.0020000000000000282,0.003999999999999986,17.5374003821597
2010-01-01,-99999,-99999,-0.009082631964646537,0.017524644030668224,0.014198782961460488,0.0027874671569940723,0.00791968288763889,-0.018857400416511072,-0.004426276265926954,0.010945011577736974,0.002454601167629189,0.06013408200024206,0.01390644753476633,-0.022643611965458832,0.05501504648552369,5.5,0.0034078919712425826,-0.005626201108997919,0.007999999999999972,0.0029999999999999714,-0.006999999999999958,14
2010-02-01,-99999,-99999,-0.0042803998027878265,0.02112486544671688,-0.008000000000000007,-0.015366233571634691,0.009001570323342145,0.14001299533495937,-0.0064757449738396256,0.0038375790223221795,-0.0019530810094245954,0.008642878379565788,0.02244389027431426,0.11064348369258914,0.020890965415674145,7.3,0.015796639276907554,0.020866088098448143,0.011000000000000015,0.01700000000000003,-0.011000000000000015,22.1
2010-03-01,-0.0014999614844329878,-0.016744325757390266,0.00580675654385443,0.018184213993938547,0.011088709677419262,0.009206032730967317,0.009715619018417332,-0.10802868447959513,0.02387314564655285,0.013387716462359478,0.024050241147190787,-6.687812300216756e-4,-0.0012195121951218413,-0.05926469866358586,-0.03404485118904699,8.9,0.004924265484543833,-0.017152047325618147,0.007000000000000029,0.015999999999999945,0.0029999999999999714,18
2010-04-01,-99999,-99999,-0.005527087202667369,0.011518053578361664,0.001994017946161497,0.0032147272278588712,0.009704216116987352,0.03889573478810493,0.00890808983633895,0.00835569473600195,0.006116910755437077,0.020699853069965135,0.012210012210012167,0.03386328519550319,-5.95667013615131e-4,1.8,-6.058008358151845e-4,0.013302526008804216,0.021000000000000015,0.02,0.005,18.5
2010-05-01,-99999,-99999,0.033729355114531234,0.0022389969293756806,-0.012935323383084563,-0.02267093266453768,0.025230076012584535,0.10670486486064501,-0.013330435651357164,0.012071475443930613,-0.006405141635923983,0.012787311336469154,0.00965018094089265,0.06328469818276505,0.006582971906417434,10.7,0.0311670164737472,0.02906761741642505,-0.011000000000000015,0.0020000000000000282,0.0030000000000000426,18.657329846613
2010-06-01,-0.003259849111356683,-0.01785712743232426,0.014758059249907474,-0.007021127210059319,0.004032258064516014,-0.007880573724585394,0.01138059135440428,0.0018465833308642932,-0.0036958318328994544,0.0026271823886778733,-0.0018706304717521771,0.022777235501382664,0.010752688172043001,0.0800329484981599,0.004880273903995036,9.3,-0.02061598682323329,-0.024506416948995247,4.999999999999716e-4,-0.011000000000000015,0.006999999999999958,18.3
2010-07-01,-99999,-99999,0.007743623844355341,-0.009063444108761365,0.006024096385542244,0.024896294133479602,-0.0015886478520052982,0.015096442716651115,0.04020954353426198,0.001418241730680947,0.0012494241921339189,-0.015359174905437922,0.009456264775413947,-0.03977433090552451,0.017220509360918568,7,0.03480415392122693,0.028462167713659614,0.0125,0.0020000000000000282,-0.016999999999999956,17.9480762011109
2010-08-01,-99999,-99999,0.013069391230310812,-9.081473793460804e-4,0.003992015968063756,0.011145761452887815,-0.0024866741399884873,-0.02399118865051919,0.006523123849864865,0.005093084951315108,0.006450454084237389,0.017144562852593692,0.014051522248243353,0.009651547211890543,-0.030050263512974906,5,0.0068767641901053,-0.007219467591025874,-0.0029999999999999714,-0.02200000000000003,0.008999999999999985,18.4
2010-09-01,0.032855443064757184,0.035688738475682547,0.01743917300500053,0.012985326580963408,-0.0029821073558647937,0.012061085055885545,0.0020812741255100686,0.013895271449815061,0.017132008786316266,0.004186284980113308,0.008613321059899093,-0.01573558306269829,-0.020785219399538035,-0.04371389712998286,-0.032277008814956765,8.5,0.008457054451111112,0.014599807565171208,0.0075,0.008999999999999985,-0.0010000000000000141,18.84
2010-10-01,-99999,-99999,0.01821410870642648,0.019164209716703073,-0.004985044865403743,0.034083588351234484,0.018501557539591706,0.022617054446945728,0.06740344542775834,-0.0010700374203880259,0.015800583597193496,0.02374601773110996,-0.002358490566037763,-0.048502509865450905,0.04568723782766604,7.8,0.01076171408215787,0.006643186792944178,0.005,0.02,-0.005,18.64
2010-11-01,-99999,-99999,0.007950350870076672,0.013395383938117122,0.008016032064128265,0.003017760635259714,0.006681682892041074,0.05539482953047248,-0.011031697967569642,0.0067824754817036315,0.006289154417381981,0.061802928288048564,0.03191489361702127,0.035074191587176395,0.03680716059845612,5.6,0.012764972963607013,0.016687827159353352,0.0075,0.011000000000000015,0.015,18.7
2010-12-01,0.057809435177059276,0.05769274317365558,0.006318161696647673,0.0013652724339083822,-0.00497017892644136,7.052121249371268e-4,1.1571678289579168e-5,-0.04852398614496245,-0.001075653907913754,0.004481633309127986,0.007531401083549438,-0.03603963691951251,-0.010309278350515316,-0.02161730339337309,-0.043676917372307944,3.3,0.0027855233439930682,-0.0015394279642648723,4.999999999999716e-4,0.005,-0.0010000000000000141,19.1
2011-01-01,-99999,-99999,0.0025593857474206505,-0.0027887952404561656,0.00899100899100902,0.027960242938793733,0.00929400776885525,0.12873857051624893,0.03956309392557844,0.008150858356554602,0.00890381230257331,0.06073264543522372,0.01967592592592582,0.028983248681104357,0.0484338522647112,5.9,0.0026762992258149154,0.004726355348440459,-4.999999999999716e-4,0.007000000000000029,-0.015999999999999945,19.8999850606616
2011-02-01,-99999,-99999,-0.001416035101715174,0.005593188739046573,0.001980198019801982,0.02351773877452268,-0.0038406183486041634,-0.12411980202258699,0.006050079943155984,0.0026787727407522333,0.006022908562926421,-0.0427218667559538,-0.0011350737797956034,0.026594538444185245,-0.029100239640740044,2.2,0.013236371935724245,-0.0016044625973588023,0.012999999999999972,0.003999999999999986,-0.0020000000000000282,11.6335068346549
2011-03-01,0.026723788027020134,0.020817186747310368,0.022409075475843254,0.021815709783078896,-0.04644268774703564,0.022479371934010395,0.0049304758005805915,0.14947533226168175,0.028981455375611587,-0.022225938944765655,0.009615784378359082,0.03393162644448178,0.002272727272727204,-0.031076133029362296,0.021733038615454614,2.8,0.014590691788425314,0.02696877558951849,-0.003999999999999986,-0.02200000000000003,0.02200000000000003,17.4375993915508
2011-04-01,-99999,-99999,0.009493856341935114,0.031026974718761258,0.01761658031088076,0.027905271449910396,-0.007605596979676443,0.010291716845543641,0.02560948667909546,-6.348812614054289e-5,0.005971009718333642,0.00396118968058623,0.020408163265306145,-0.01789896028646687,0.022975034032154618,9,0.020163312245939924,0.006823896310071964,-0.004500000000000028,-0.005999999999999943,-0.01,17.1216008649613
2011-05-01,-99999,-99999,0.01548077481277943,0.029389335366926783,0.003054989816700493,-0.005109132667444172,0.0031361270860841284,-0.02058356906109915,-6.372201220743445e-4,0.013262722325731335,-9.034929211768628e-4,0.010864146703858157,0.004444444444444473,0.035161898363273325,-0.0031760805105824907,1.8,-0.024024744061415304,-0.14477685328755097,-0.004499999999999957,-0.0020000000000000282,0.005,16.8998097746821
2011-06-01,0.035791557535945984,0.05569337446359324,0.008308401776016217,0.019660360155003387,0.018274111675126825,0.0027306350500770904,-0.0011904032670119191,0.012507189122978435,-0.008544505329489693,0.00199637236571526,0.006365288545115089,0.0072809964488460555,-0.004424778761062065,-0.05634500374875828,-0.013100842289019643,7.7,0.0356364833891758,0.328164971408486,0.0010000000000000141,-0.007999999999999972,-0.021000000000000015,17.6866831332412
2011-07-01,-99999,-99999,0.00946837261164557,0.008718493265522875,0.004985044865403854,0.002524604328651092,0.016938272639763996,0.05838764007416364,0.023241028232103833,0.008535224006491093,0.0030418295179597266,0.02322452964374966,0.011111111111111072,0.026798777084267034,0.03325460203285724,4,-0.006879738626692888,-0.1058934130203899,-0.006000000000000014,-0.007000000000000029,0.006999999999999958,17.2
2011-08-01,-99999,-99999,0.01029692589957687,-0.0016621419469222687,-0.001984126984126977,0.003629569767352292,0.0015237062065567297,-0.02193661535652358,0.009612555576810511,0.004526731480578361,-5.653517647675743e-4,3.87640722738114e-4,-0.00219780219780219,0.01468632090957911,-0.005688438994532641,3.2,0.009541614514670504,-0.008253725262869493,-0.018000000000000044,0,-0.0019999999999999575,17
2011-09-01,0.02788062719353257,0.013074580037878425,-0.013768438218071277,-0.010322437427160214,-9.940357852882276e-4,-0.021254858141206645,-0.004240624825894934,-0.029939164912795024,-0.027653381254676868,-0.003403532192799097,0.00852858672035195,0.01479820587880698,0.0011013215859032588,0.0025607286793847273,-0.03173809941759598,5.3,-0.011033835894885491,0.015453783910881924,-0.021499999999999984,-0.012000000000000028,-0.013000000000000043,17.7
2011-10-01,-99999,-99999,-0.00558050393641607,-0.012056300117759156,0.006965174129353269,-0.0016818029900267373,-0.0037077239105790527,0.011585045905583069,-0.010258107250987747,0.00596105804312641,0.011887948962070016,9.693381285764691e-4,0.007700770077007535,0.013499115191425881,0.039990454456173774,3.1,0.005615939025112704,-0.005762560288434471,-0.0010000000000000141,0.005,-0.0029999999999999714,17.2497360421199
2011-11-01,-99999,-99999,-0.004856019953140334,-0.005165171983198991,-0.0029644268774703386,-0.004050950123860142,6.440984068207811e-4,0.02911098072355034,-0.00740444462433365,-0.0034861434633630672,0.002743067004741473,-0.001851054483176351,-0.01965065502183405,0.027524051893072388,-0.013076708518585667,1.9,-0.010245680818518732,-0.005633932516660334,-0.004499999999999957,0.0010000000000000141,0.003999999999999986,17.3
2011-12-01,-0.023364166667901642,-0.02384047145334167,-0.005012626502363893,0.00661836024419471,0.009910802775024763,-0.013020476270068415,0.004970084721828805,-0.03684184240607824,-0.008977847192386701,0.003737117035817139,-0.002704380586289634,-0.0044642327034658535,0.03006681514476628,-0.012769906879369075,0.04160727344391213,3.6,0.003950489522975387,0.0034999549131962127,-0.01,-0.0029999999999999714,0.003999999999999986,18.1
2012-01-01,-99999,-99999,0.004389061694941132,0.011222581193674586,-0.004906771344455385,0.002081722825740373,-0.00506489509218544,-0.04330526307510407,-0.013201615052411131,0.0028751634510579827,0.00893387567615278,-0.018135105707409283,-0.011891891891891881,0.02209336052398081,-0.013918927525528701,5.5,0.006023031136690449,0.011512859781765306,-0.0010000000000000141,0.035,-0.005999999999999943,-99999
2012-02-01,-99999,-99999,0.020937434689263457,0.00459615492405141,0.0039447731755424265,0.016826848681970485,0.00928392024764979,0.07722137057514011,0.037823506323091616,-0.002752473859870652,0.013134244259753736,0.06043230264519406,0.008752735229759168,-0.053406512305521736,-0.022673928707645286,5.9,-0.006238631570877895,-6.035502234961188e-4,0.006499999999999986,-0.006000000000000014,0.015999999999999945,-99999
2012-03-01,0.010244719489418408,0.005158060315191504,0.01291523215781143,-0.007978575015343381,-0.004911591355599265,-0.0027773663996069065,0.006038591276163796,0.06202785187093518,-0.005750948789874144,0.00204908130533088,0.004101642881772838,0.002548376813201081,0.00759219088937102,0.08027933821806488,0.031654472679900625,6.6,8.499729224147323e-4,0.004293650323323739,0.011000000000000015,0,0.007000000000000029,15.2
2012-04-01,-99999,-99999,-0.001635157728416825,-0.012429696287963976,0.0029615004935834577,0.002198637516458657,-0.01226160579152713,-0.04128275460630604,-0.00854577155479408,-0.0036120463322751872,-0.00441167917980978,0.004853149738340834,0.0010764262648008671,0.03509859521116132,0.016174537885128126,3.9,-0.010319062618091124,-0.006093356746950329,-0.01,-0.007000000000000029,-0.018999999999999986,14.0788760372875
2012-05-01,-99999,-99999,0.0034965034965035446,-0.0036448544905746116,0.0019685039370078705,-0.019759041413419,0.024625235212794916,0.05763926165380462,-0.006212559901715986,0.0027712577232301694,-7.037669613402242e-4,-0.002772790589301022,0.008602150537634357,-0.03552174668364627,0.018215222216772853,5.1,8.336912446935685e-4,-0.004046384339806419,-0.0125,-0.005,-0.008999999999999985,13.7935964380783
2012-06-01,0.007135965250191667,-0.003059643053302419,-6.78525582248346e-4,0.01286081737639333,0.0019646365422396617,-0.016791480093858113,-0.004702275854550408,0.012251836138944094,-0.022150745925207826,-0.006199303264909917,-0.011176341230538456,-0.019874129812752606,-0.004264392324093702,-0.027421339455298233,0.0023177015815751822,2.7,0.007347494436787727,0.015224446329176855,-0.00950000000000003,-0.011999999999999957,0.015,13.7
2012-07-01,-99999,-99999,-0.009193841410823356,0.019243792325056353,-9.803921568627416e-4,-0.004648792034988136,-0.006430463773959838,-0.05796395592011139,-0.006175618692454532,0.0011583475055181314,0.006198870578167259,0.001457752438341453,-0.0032119914346896428,-0.0038128757444464423,-0.014573834237728955,1.5,0.014089677984167048,-0.003543887279233049,-0.006999999999999958,-0.006000000000000014,-0.011000000000000015,13.1
2012-08-01,-99999,-99999,0.01385390428211597,0.01002159348873266,0.001962708537782021,0.010404006624993967,-0.0011727545370056047,-8.784730222344272e-4,0.01568026721561311,-0.0022936612395797473,0.013930078225544484,1.446684661419173e-4,-0.00537056928034374,-0.06463911372048248,-0.0046100140546311286,4,-0.016884314168694847,-0.0101401469998178,-0.007000000000000029,0.003999999999999986,0.006999999999999958,13.2
2012-09-01,0.005654117840154571,-9.22188468509555e-5,0.004822798684691376,-0.007181230128275429,-0.005876591576885359,0.01745988263844822,0.007913211144627175,0.06806573538882743,0.015923680907130144,-0.005694562697805661,0.011702312593300013,0.06483076917935282,0.044276457883369424,0.08726678753260031,0.009811531656356287,2.7,0.022110326443018247,0.013650843881462649,-0.009499999999999958,0.016000000000000014,-0.025999999999999943,14.2
2012-10-01,-99999,-99999,0.006854046978401529,-0.012699464413892136,0.005911330049261032,3.4164400591607524e-4,-0.01227649308740597,-0.033630545450203164,-0.0066577125620452815,-0.0053090819240053655,-3.8456503240191786e-4,0.008348628686668746,-0.031023784901758056,-0.028871377727642922,-0.01717158152637821,2.4,-0.017534735795034173,-0.0026511213578690462,0.0029999999999999714,0,0.01799999999999997,14.5
2012-11-01,-99999,-99999,0.011484082988750588,5.033275543873117e-4,-0.0019588638589617124,-0.008497963922232454,0.0031060242897551493,-0.027546440026436247,-0.009373338375659679,-0.0013014692496716718,0.0036261244669271164,-0.010779362074244236,0.002134471718249653,-0.14799539116303406,1.3450959832472797e-4,5,0.015270524513423922,0.013166428038801747,0,0,0.0010000000000000141,14.9
2012-12-01,0.023696727018269748,0.028972921874034663,0.0073549101165717445,0.024986025712688598,0.004906771344455274,0.013399016480128978,0.003154621955062664,0.07656380979215771,0.012285916326972623,0.0067806285473281935,0.0026560749899411373,0.016144012214637682,0.010649627263045858,0.06417621156604625,-0.007225994799927693,3.7,-0.00507216209754946,-0.010013432917898135,0.007999999999999972,0.016000000000000014,0.005,15.2
2013-01-01,-99999,-99999,0.015346718885679289,0.036810819654250926,-0.005859375000000111,0.005984973579491459,0.014818592996950208,0.01215532187741375,0.014580239990305666,-0.004158162203697691,0.007697667923852736,0.006965408485828828,0.015806111696522684,0.07158018104564423,0.018002316589709855,3.9,0.0030296564316818486,0.004103477135537048,0.0075,-0.011000000000000015,0.0010000000000000141,-99999
2013-02-01,-99999,-99999,0.006300724321494089,0.029297285924679173,0.005893909626719207,0.0037742613498845667,-0.00828523121803415,0.10152937975308296,-0.007376885532180855,0.004161895828425299,0.01196818529161714,0.0013379214102224868,-0.032157676348547826,0.140984512927945,-0.008520408532112445,7.4,0.00854093459957661,0.007911966376132673,-0.0029999999999999714,0.008999999999999985,-0.01700000000000003,-99999
2013-03-01,0.017192733081000222,0.025223068502419288,0.0029138337727210306,0.01047575246563448,0.0029296875,-0.01272859805891624,0.010373194496294369,-0.028849495082342802,-0.009661742448198507,0.0019661463903803966,-0.010015953203934558,0.02362352552544955,0.017148981779206984,-0.21068026261766915,-0.007753282941763917,9.9,-9.003993295791934e-4,-0.009105201724588063,0.007999999999999972,-0.006000000000000014,0.011000000000000015,12.6002897792189
2013-04-01,-99999,-99999,-3.1128942999447684e-4,-0.002427429958531402,-9.737098344694273e-4,-0.004801222965812091,-5.413969870453617e-4,-0.04057959069189043,-2.651922700119824e-4,9.898252573647959e-5,-2.202329635034861e-4,-0.010983536822817497,-0.0031612223393046035,0.07658088626727877,0.019351622868793772,1.2,0.005161103120256971,0.0067685634302152575,-0.020999999999999942,-0.011999999999999957,-0.011000000000000015,12.8
2013-05-01,-99999,-99999,6.573712071411553e-4,-0.0044104227922538985,0.003898635477582957,-0.009615935581236856,0.0014347271824837193,-0.05658228622966999,-0.004644373088043663,0.004398600105673944,0.007280034170492611,0.008308571430123424,0.007399577167019,-0.035977588253776394,0.022672502063595168,7.3,0.021247451897080438,0.10105064068305358,0.0075,0.0029999999999999714,-0.0020000000000000282,12.8921964194985
2013-06-01,0.007488937690629749,0.006640407383166735,0.004667726989834753,7.637863435001613e-4,-0.002912621359223322,0.006570738874893456,-0.0037174280181475616,-0.006280560005276992,0.016813648091887234,0.0032262216166758506,0.006568683143046927,0.0027561896168482036,-0.005246589716684125,0.0391837621444826,0.0011602299933466398,5.8,-0.010469127564678216,-0.09318250464210287,0.0075,-0.011000000000000015,-0.003999999999999986,13.31247
2013-07-01,-99999,-99999,0.008311250301132223,0.0023913707133407236,0,-0.007295229998761643,3.44714136777835e-4,-0.00823132344914912,-0.01655638310815788,-0.00251325434166616,0.005452753402009236,0.016894240184522458,0.00843881856540074,0.0570446357049903,0.03707971028788992,2.6,0.0022044403017598135,0.008116553315044905,0.005999999999999943,0.02300000000000004,0.0020000000000000282,13.212342647423
2013-08-01,-99999,-99999,-0.006297250712493763,-0.0030962895284503134,0.003894839337877265,0.005066964134270213,0.01599484393103956,0.03734790446409342,0.028361825071679725,0.00581740563743538,-0.0033176804169898766,0.009109528780272935,0.004184100418409997,-0.04859762978896209,-0.03281399726231682,6.5,0.007652074220054983,0.017802217550277666,0.01,0.006999999999999958,-0.0020000000000000282,13.3701232684953
2013-09-01,0.02778610205533294,0.015839494257664066,0.011592361063405887,-0.012729124236252498,-9.699321047526022e-4,0.003146498482916149,-0.013167660399489245,-0.031091053334854513,-0.0059948081334653125,0.0037481988704461955,0.0031859511452243527,0.001080833230449496,0.002083333333333437,0.03257890913694217,0.012457487791441624,5.1,-0.005930839191110926,-5.860737499718827e-4,0.011500000000000057,-0.023999999999999987,0.015,13.3
2013-10-01,-99999,-99999,0.003242619221431875,-0.017225373904074304,-0.003883495145631133,0.003948044718146582,0.015811930955656583,0.03134287246762879,0.022492959184415184,0.0013931464168466245,0.004928471277817703,-0.0021657261565365404,-0.004158004158004269,-0.02609697722023896,0.001058916212580252,4,0.013532089284229665,0.003676623175254967,0.0019999999999999575,0.0030000000000000426,0.008999999999999985,13.320158762875
2013-11-01,-99999,-99999,0.0031136832842588724,-0.01332913518052059,0.005847953216374435,-0.004043080998667237,0.006254390416522648,0.04805855374542678,-0.00440203939223216,0.004303166975490935,-0.001599798582734957,0.01532456557305828,0.008350730688935215,0.04479924471304986,-0.011129092042556188,3.5,0.009289114618823202,0.0017117503365569053,0.012000000000000028,-0.006000000000000014,-0.0029999999999999714,13.7212512875942
2013-12-01,0.022006926700020912,0.028627866198847718,0.009683187691892359,-0.0032443357089670943,-0.0019379844961240345,0.010707634697925128,-0.011744654555681744,-0.03540803204297427,0.003585158702491542,-4.755430715115416e-4,0.006446223679232643,-0.012567292330340485,-0.0010351966873705098,-0.001546597085680168,-0.00410318594859771,3.7,2.0749131345243477e-4,0.009884471451898191,0.006000000000000014,-0.003999999999999986,-0.013999999999999986,13.6
2014-01-01,-99999,-99999,0.010893537392234087,0.004855664052078268,0.005825242718446644,-0.0027860366171506,0.005645206177643081,0.09025991495352126,-0.003540824667952469,0.00394763485635008,-0.0108784732553463,0.030542369800773406,0.0010362694300518616,-0.006995361614893891,-0.007319550911987771,6.6,0.008056801613459452,0.0026078415185859516,0.007999999999999972,0.011999999999999957,-0.012000000000000028,-99999
2014-02-01,-99999,-99999,0.005206267354224581,0.007912064570943178,-0.0028957528957528345,-8.3189286405283e-4,0.0016970322488545353,-0.15362343118977329,0.009021997773062784,0.003329867105759776,0.011818752737655425,-0.029597519006154482,0.012422360248447228,0.04441947104769639,-0.008403981936112803,4.2,-0.00413058624047391,-0.004945738716794712,-0.0029999999999999714,-0.016000000000000014,0.016000000000000014,-99999
2014-03-01,0.02730859927640772,0.025709654050531938,0.005245071441490223,0.00716505979663884,0.021297192642788065,0.007809447338357867,-0.0015326853155953613,0.11691692000648612,0.003446910606674125,0.0029156231347540196,0.014653686370949659,0.05845974684309074,0.00920245398773023,0.05222390876023364,0.043515411518614266,0.8,0.013220370413425941,0.020648891049464657,0.010499999999999971,0.01700000000000003,-0.005,12.2403995610324
2014-04-01,-99999,-99999,0.00879976446727082,0.006747920698854326,-0.04549763033175358,-0.002938985691965712,0.0061765210744022525,0.011896144235778339,0.003220639272072834,-0.0028501384108003958,0.0027604145248181222,-0.019738249089497728,0.012158054711246313,-5.769052686531717e-4,0.009700674072611992,9.5,0.0016536841975638428,-0.0017919623295618026,-0.0020000000000000282,0.007999999999999972,0.0029999999999999714,11.9365297343189
2014-05-01,-99999,-99999,0.007977171022764074,0.007897744985971178,0.00893743793445867,-0.0027129875467635234,0.0034791264593707627,0.006256858623329142,-2.6098100340388175e-4,-0.0027183911081890555,0.003519195378140605,-0.026578848968128344,-0.00800800800800816,-0.09244904610267879,0.0059082697217567315,4.1,-0.007411184285989192,-0.1272022133180234,-0.0014999999999999857,0.013000000000000043,0.007000000000000029,12.5143183417626
2014-06-01,0.009486981405741224,0.030578147255175825,-0.0020911079655128173,0.01031034127229602,-0.0029527559055118058,-0.008417647197293543,-0.0025532782470739646,-0.030870128056897594,-0.010021435534645295,0.002450116263460478,0.003976818494121348,0.022555748273976217,0.00908173562058523,0.09499938309725908,-0.006885157199432501,4.4,0.018590408065592756,0.1680895979757575,0.0035000000000000144,-0.0020000000000000282,-0.005,12.4279301489094
2014-07-01,-99999,-99999,-0.004803507527644357,0.013623839167262064,0.001974333662388972,0.0032419251781525826,0.012411492203512342,0.07230586531045402,0.010476479714277787,0.007466811287561548,0.0023634106381462683,-0.013410764371082129,-0.0030000000000000027,-0.07033308592466947,1.1911688855059666e-4,4,-0.01708233712501883,-0.11186324577450812,-0.0010000000000000141,0.012000000000000028,-0.007999999999999972,12.2217400092972
2014-08-01,-99999,-99999,-1.9436345966961088e-4,0.01751824817518255,-9.852216748768017e-4,-0.011611452118542975,-2.1573100744498586e-4,-0.0010206015394340628,-0.014231610090086111,-0.014245388861228503,0.005817185061105512,0.0301842715039935,0.012036108324974926,0.01242267991651369,-0.009379502743005252,5.1,0.021556255599657792,0.1277842297787617,-0.0019999999999999575,0.003999999999999986,0.0019999999999999575,11.9013542012317
2014-09-01,0.021423346457078107,-0.001355148753348634,0.00474663037843448,0.020036610102409425,0.006903353057199135,-0.024053401512760697,0.00953523403131551,-0.007535630240956603,-0.012434860099578171,0.007549274122833127,-0.002084295364335187,-0.016326549059065276,-9.910802775026095e-4,0.06210664886423256,0.01775639411296237,3.9,0.01020702095828585,-0.011554742740836343,-5.000000000000426e-4,-0.0029999999999999714,-0.003999999999999986,11.5676031615714
2014-10-01,-99999,-99999,0.0059495977169023995,0.01581142690852655,0,-0.013043050370833531,0.003075124129355844,0.009828971876449932,-0.007069352495270742,-0.0016561514507238417,0.0018787724004982742,0.021687609048334,0.01388888888888884,-0.06824678673033135,0.022661472696085427,5.8,-0.00714145825643453,0.013665620314575744,-4.999999999999716e-4,-0.01700000000000003,-0.0020000000000000282,11.5207686074349
2014-11-01,-99999,-99999,-0.0050649142490784005,0.003771963330786887,0,-0.019340858467749467,6.391251411130838e-5,-0.00243832926907106,-0.02406156254503866,0.0036164411563575083,0.0038691212324732938,0.010720797246640545,-0.012720156555772966,-0.04529675667259225,-4.6769669246971013e-4,4.1,-0.007034392991467575,-0.005277612464060333,0,0.025,0.0010000000000000141,11.7208012400021
2014-12-01,-0.022567842407504868,-0.02358505552737933,0.011663498405129369,-0.011986871521666775,0.003917727717923647,-0.028269242502558245,0.006339524310684075,-0.022272959440405526,-0.009411687433305671,0.004736073214545833,-0.011487201663372693,0.014468250430679674,-0.0049554013875123815,0.036574151032376934,-0.019038893299893833,4.6,0.022710398647305396,0.012610490971884936,0.008999999999999985,-0.01700000000000003,0.0020000000000000282,11.889118019286
2015-01-01,-99999,-99999,3.66253702347219e-4,-0.018872466419527223,0.004878048780487809,-0.027668336086921652,0.015463782762913603,0.0014554741025352147,-0.043283860613620995,-0.0025124798948356064,-0.00888656028567203,-0.0051223813605375534,0.003984063745019917,-0.2455706379904422,-0.015777691698882546,4.3,-9.014721175046869e-4,1.904560344931916e-4,-0.0029999999999999714,-0.0029999999999999714,-0.003999999999999986,-99999
2015-02-01,-99999,-99999,0.0014803966826379966,-0.01246381078561265,9.70873786407811e-4,-0.01748274796903282,-1.866506915959576e-4,0.29591526082632247,-0.015786673238231463,0.001018196357724932,-0.005499327660360875,-0.036884891090723015,0,0.2709648054208711,0.029639894791695376,5.1,0.00517624999924271,0.0021812685721991354,-0.0015000000000000568,0.007999999999999972,0.0019999999999999575,-99999
2015-03-01,-0.05717199598936307,-0.04157069232994137,0.003178942683663477,0.002583850931677123,9.699321047527132e-4,-0.024688272851001947,-0.030792065535039548,-0.36142004734534217,-0.018067229651842487,0.0026579529400920787,0.008001734010079309,0.008691737937828181,0.005952380952380931,0.32323032854453104,-0.070223171761154,3.9,-0.0046530861263427425,-0.015136089799056451,0.0010000000000000141,0.0040000000000000565,-0.0019999999999999575,10.2445321046384
2015-04-01,-99999,-99999,-0.004040308014069738,0.008673241809981747,9.689922480620172e-4,-0.0010119284657235106,0.013050509277518607,0.11225153364516527,0.005707642302853921,0.001563750265882291,8.498830130907464e-4,-0.012107523359790706,-0.00887573964497046,-0.1835745204560737,-0.00801569370910793,2.6,0.008079212254748613,0.006359926215693035,0.006000000000000014,-0.0020000000000000282,-0.0030000000000000426,10.0024453210463
2015-05-01,-99999,-99999,0.0015431362255207137,2.456761006288666e-4,-0.0019361084220717029,0.021338778174289308,-0.004792807834916646,0.047123344256055466,0.013732795024768318,-0.0015743459827145534,0.008765288740431032,0.022675792086751967,-0.005970149253731294,-0.0383117160643619,-0.04613626905381274,6.3,0.01928907660785062,0.0114470313172641,0.0020000000000000282,-0.008999999999999985,-0.0019999999999999575,10.1302089024453
2015-06-01,0.03693055178183302,-0.00299119593653685,0.005638858885570919,-0.01581765486073583,0.0019398642095054264,-0.005597349258138484,0.006424292320668323,-0.0150343634900586,0.0044201598802597886,0.0032061109849124136,0.001711456106852527,0.023595131000065273,0.002002002002001957,0.07429524469167759,0.019214478382254763,2,-0.01482008424548642,-0.020202732096764153,0.0025,-0.008000000000000042,0.005999999999999943,10.6319519945095
2015-07-01,-99999,-99999,-0.008150242453917933,-0.020064886448714736,9.680542110359625e-4,-0.0184635966905774,0.0033013788478908346,-0.02067798456125336,-0.013903067280136128,0.0015497090490586007,0.007193552632907885,-0.007040484309815631,-9.990009990009652e-4,-0.08095409404683185,-0.053278471638270486,6.5,0.020967279216508983,0.006217131745191562,0.0034999999999999433,0.045,0.0010000000000000141,10.5123230528975
2015-08-01,-99999,-99999,0.0020383788518194557,-0.004940661131767943,0.0019342359767891004,-0.01199272011944319,-0.0037894039269571467,0.03428209356482914,-0.016393866490254982,-0.003987638407295768,-6.358093878570115e-4,-2.0259917719267495e-4,-0.005999999999999894,0.07776705522246807,0.004067302444866083,3,0.010013341024543543,0.08411575021999429,0.006000000000000014,-0.013999999999999986,-0.005,10.7923168530528
2015-09-01,-0.0222162693748178,9.888969516635981e-4,-0.0031784879932615917,0.022317772317772322,-0.0038610038610037423,-0.0049081740220136005,0.006233804393126707,0.010980578845654287,0.006595560996859096,0.006560314127851408,-0.0035331246149421514,-0.018838358744055483,-0.005030181086519092,-0.03277919745666413,-0.002303308833939699,4.4,-0.008153937566746539,-0.010487224963853015,0.007000000000000029,-0.028999999999999984,0,10.9
2015-10-01,-99999,-99999,0.0064729046761156095,0.03615061085519722,0.005813953488372103,-0.002181382273921395,0.004222721337037605,-0.008791086269653081,0.003377577774611229,-0.0011639584037075323,-0.003611265330841551,-0.016012339105111573,0.005055611729019249,-0.028434911550829,-2.565309600042198e-4,4.8,0.030519253624154752,5.949303637189374e-4,0.0019999999999999575,0.015,-0.0029999999999999714,11.0234013690708
2015-11-01,-99999,-99999,-0.0031047537581776474,0.02947714313327543,-0.00578034682080919,-0.026381712611521224,-0.009513983941578763,-0.03141907933291277,-0.03481524813402426,-0.0019171223536884607,0.003381210600025941,0.013916447989436254,-0.001006036217303885,0.02766586803771731,-0.0104635242158575,3.8,0.014163269980980386,-0.0013204907073373073,0.0025,-0.015,0.005,11.1722283930183
2015-12-01,0.004735777797632679,0.0070322722824354145,-0.0016207712964581011,0.010373638753285785,-0.003875968992248069,-0.008733309077984197,0.01514415164792604,0.03986222039851195,-0.003480017397515245,-0.002010236897925566,0.00244343251784529,0.04199949180942686,0.002014098690835908,-0.08186343184105005,0.012856089815005856,3.2,-0.004751364569432703,-0.00353524279304962,-4.999999999999716e-4,-0.01,0.007999999999999972,11.1
2016-01-01,-99999,-99999,-0.01238242268943679,-0.0022764227642276813,0.008754863813229541,-0.02053711569534533,-0.010122677137099023,-0.1099149447904656,-0.013856077971604597,0.011011716508407154,-0.0044368119416191565,-0.024520293360018153,0.0010050251256281673,0.06853443376948909,0.02330402154270539,4.7,0.0074034612201503425,-0.0014480918509582885,-0.0029999999999999714,-0.016000000000000014,-0.008999999999999985,-99999
2016-02-01,-99999,-99999,-0.007509709441928636,-0.003538834047308592,0.0019286403085825299,0.005576903856330029,0.012034745935614266,0.07683155388859464,0.01920975690805493,-0.006228621782891186,0.007013683385187486,-5.410637065665913e-4,0.002008032128514081,0.26938738692584296,0.01035933748728457,7.4,0.016821310368851927,0.01016195850311874,-0.006500000000000057,-0.0010000000000000141,-0.007999999999999972,-99999
2016-03-01,-0.013133552653333158,-0.005209705933637121,0.004936106645883065,0.0034112149532710134,-0.002887391722810495,0.008658892533690343,-0.01786074129745907,-0.05920812376355111,-0.0014063957369454538,-0.0035486983295848207,-0.0032325069133520845,0.005716520013880233,-0.002004008016032066,-0.1752452460944146,-0.03273510358003595,7.7,0.012852219617139005,0.005117539301855656,-0.006499999999999986,0.018000000000000044,0.010999999999999944,10.5
2016-04-01,-99999,-99999,0.008078719038309368,0.008429190145764487,0.0028957528957529455,0.013440926223355465,0.01549946938427782,0.007220546528132532,0.03480562075647686,0.0023026997309461006,0.005374745499633571,0.005087625903261506,0.010040160642570184,-0.0563813676110021,0.04499821730496412,1.5,-4.7455228556858575e-4,-0.09359760918606164,0.008000000000000042,0.005,-0.0029999999999999714,10.1
2016-05-01,-99999,-99999,0.010033498421246678,0.00831255195344971,-0.004812319538017307,0.0021585764736717916,-0.011260787421509155,0.003002842501199865,-0.017285597444274714,-0.002993853165446647,0.0031203867775762006,-8.625498283605371e-4,0.003976143141153132,0.11461304010054607,-0.0012476271355907897,1.5,0.008854104798292628,0.1001078566358986,0.0014999999999999857,-0.018000000000000044,-0.003999999999999986,10
2016-06-01,0.019591083924567876,0.02367215576941195,0.010568576733262391,0.00558761564532384,0.004835589941972973,0.005768788782936074,0.010142326331617602,-0.004468812875645156,0.01564589260144733,0.0050461183757473105,0.011233428444358484,0.0057644921614825595,0.006930693069306937,-0.08339083555420002,0.0014466181399859224,2.4,0.010167994850280193,-0.15726599436128985,-0.004500000000000028,0.021000000000000015,0.006000000000000014,10.6
2016-07-01,-99999,-99999,0.004742238902061713,0.007469484423392236,9.624639076033503e-4,-0.003004379672890134,-0.005468908306497933,0.019335515573836837,-0.013931145246473875,-0.0035015191442752114,-5.831047858982918e-4,0.010147779825825376,-0.002949852507374562,-0.04748998156304052,-0.030563588671812192,3.8,0.010686411119451122,0.20091033557589255,0.0014999999999999857,0.005,0.0019999999999999575,10.2
2016-08-01,-99999,-99999,0.003141361256544517,0.016184448462929435,9.615384615384581e-4,0.006170273516030056,0.011449553052326422,0.007927339111030829,0.019875676259539565,0.005231859199175126,2.0766686278905766e-4,0.0014460173730139747,0.001972386587770991,0.11609719455971246,0.03934693330833339,1.3,0.00915927735218669,-0.007352729533399827,-0.005,-0.041000000000000016,-0.003999999999999986,10.6
2016-09-01,0.01143106696606977,0.005601415555337663,-2.6485526438790874e-4,0.027315597473084763,-0.0019212295869355245,0.004271037501013986,-0.0035392757567168642,-0.03248265929131133,0.005082024786351891,3.5876714207772054e-4,0.00440953289600432,-0.0034123451143501793,0.003937007874015741,-0.015766063565795463,0.01331656076696941,3.9,0.00397830385330411,0.014582746602976204,-4.999999999999716e-4,0.03600000000000001,0.0020000000000000282,10.7
2016-10-01,-99999,-99999,-0.009989247144259639,0.02875454702927427,9.624639076033503e-4,0.0016023202912418544,-0.0012488716291311208,0.03547033400513788,-0.010695025816048087,0.0045573486358905235,0.0038364807733042294,0.024274317808864465,0.004901960784313708,0.09568690413732273,-0.04722503407559375,3.6,-4.8649587759030943e-4,-0.004652328057703881,0.008999999999999985,-0.016000000000000014,0.0029999999999999714,10
2016-11-01,-99999,-99999,0.003588968643747581,0.01755346017848125,0.0019230769230769162,-0.01143194188110197,0.022545624135063225,1.5442515295793768e-4,0.005156988667481599,0.008000101975588203,-0.0032408235908386596,0.009758812625257685,0.01560975609756099,0.08856806305558962,0.03259749626989494,5.6,0.0038021857192369612,0.013719201626828381,0,0.01900000000000006,0.007000000000000029,10.8
2016-12-01,0.021505684697315175,-0.006556969909956911,0.006932680845724404,-3.3094775162367807e-4,-9.596928982725794e-4,0.0072937995550714785,0.010709260322974368,0.020047622318745795,0.005450801732570287,0.001747722626810111,0.014355667377438763,-0.0020460126001993206,0.008645533141210526,-0.06964651738279515,0.050747950069535586,7.3,0.01486174310118571,0.0033620280989776763,0.006000000000000014,9.999999999999432e-4,-0.0020000000000000282,10.9
2017-01-01,-99999,-99999,0.010779151998504544,-0.010842127043244387,0,0.011289961531407045,-0.006748774280949221,-0.009412156907526614,0.008230727862738707,5.965239523186838e-4,0.009366301680748146,-0.008015118919676545,-0.010476190476190417,-0.0016031052272291735,-0.027181042340838846,7.1,0.00314748511766183,0.00907968050024155,0,-9.999999999999432e-4,0.0010000000000000141,-99999
2017-02-01,-99999,-99999,0.005640314378178468,-0.009413044387733716,0,0.013438599904404436,-0.0017361481234822174,0.002024943567318749,0.01671643214466534,0.002606517510464146,-0.002976226222018097,0.04337294418793247,0.022136669874879722,-0.026557211604753883,-0.03732319885793478,3.5,-6.34681318463115e-4,-0.007809275061254395,0.0035000000000000144,0.0019999999999999575,-0.003999999999999986,-99999
2017-03-01,-0.005637263903072953,0.008405884924437279,3.6778227289446797e-4,8.446659346228458e-4,-0.0028818443804033977,-4.0976561634153974e-4,0.02397466427035111,0.08420931288328415,0.008546732042506111,0.0037469082344416815,-0.00203825952874237,0.0019449972429332885,0.013182674199623268,0.11661607475275004,0.03462249361154979,2.2,0.00573962305621456,0.00535336816308285,-0.005,-0.006000000000000014,0.008999999999999985,10.9
2017-04-01,-99999,-99999,-0.0020067401960783826,0.009916448645455267,0.010597302504816941,0.004630043611819623,-0.015882158539124003,-0.03778100862293987,0.0017704746455315945,0.006815106123318815,0.0073223019984827165,-0.007321270638845134,9.293680297397522e-4,-0.11537220929139269,0.060375072463734636,14.9,0.0179970700576364,0.011570012469995561,0.006499999999999986,0.015,-0.011000000000000015,10.7
2017-05-01,-99999,-99999,0.002870343366743855,0.013913842811181132,-9.532888465205724e-4,0.0022313714093389336,0.009434407805524403,-0.019874766473099936,0.021893932068482114,-0.0011654115207034854,-0.005385299355056494,-4.853231860723062e-4,0.003714020427112219,0.01189055879789791,0.02858422473955069,4.5,-0.00937242315006237,-0.1110174246974116,-0.004500000000000028,0.0010000000000000141,0.005,10.7
2017-06-01,0.04481456341491774,0.03768257601342184,0.008387412758662949,0.013434435011950852,-9.54198473282375e-4,0.0070662369850171824,1.922139799377387e-4,0.025659521163982735,0.004279034921852665,9.957431595326582e-4,0.004992771084329162,-0.00493352956904225,0.00647548566142464,-0.034559368622701925,-0.02479946688141843,8.6,0.010944820274745082,0.14844520589591337,0.0015000000000000568,-0.0029999999999999714,0.003999999999999986,11
2017-07-01,-99999,-99999,0.009638151903345271,0.009515289525048765,9.551098376312517e-4,0.012500854498237457,-0.0015414555367256888,-0.006972674845390325,0.014701643890314697,0.002435526001151267,0.0014050331837232033,0.02700042964555016,-0.0018382352941176405,0.012556492139999431,-0.0020275158081316524,6.7,0.007665962499773249,-0.004490532393106039,0.004499999999999957,-0.012000000000000028,-0.003999999999999986,10.4
2017-08-01,-99999,-99999,0.006449285166644225,0.0025779424796583683,9.54198473282597e-4,0.011580772431062591,0.008092349758126227,0.0016073732852932565,0.028178367086569622,0.006419487750287223,0.0016137605409218825,-0.009177255408945761,0.009208103130755152,0.028806161171129885,0.020595063053868046,7.4,-0.01118147784843726,-0.006762889601988564,0.0014999999999999857,-0.005,-0.011000000000000015,10.1
2017-09-01,0.030259234145918024,0.05556267861973829,0.01396606321324012,-0.005584572117316222,-0.0019065776930410339,0.01567087814297885,0.00395656741372874,0.0014426997716667778,0.018114194119715377,-0.0023186341414430656,0.022039910884178227,-0.007743109418478,0.009124087591240837,-0.05117958423585223,-0.0020718134979179625,8.4,0.014816230759543858,0.004444910781404632,0.0020000000000000282,0.037000000000000026,0.02,10.3
2017-10-01,-99999,-99999,0.004890767938953822,-0.009696577916043836,9.551098376312517e-4,-0.005095189780168985,-0.018769272420000482,-0.0018580329628274939,-0.026050861409576465,0.006061226585091228,0.002598514332754265,0.01843443487085472,-0.004520795660036159,-0.020791978249576903,0.021788140901896957,6.3,-0.01189125703452032,0.008865949961826658,0.0035000000000000144,0.005,-0.011000000000000015,10
2017-11-01,-99999,-99999,0.0066261086271348635,-0.008037207784260092,0.006679389312977069,0.005480053604647539,0.03499119136946249,0.06262777464446634,0.030979124897544175,0.010282028836455792,0.007126810571475017,-0.008801426103096976,0.0072661217075387086,0.2499456476849815,0.026699025840865254,8.5,-0.004369565966587885,-0.006335120231496072,0.0010000000000000141,-0.025,0.005,10.2
2017-12-01,0.02872887778611677,0.021371567644408618,0.003830078494764688,-0.0023443283704861484,9.478672985780978e-4,0.013946294977737583,0.007250624888722301,0.028783826151197678,0.02275065216061689,0.0046659462110165695,0.004604857800693418,-0.008507011028409894,9.017132551847329e-4,-0.1482516994702262,-0.022984834406929555,5.2,-0.0054509402552097574,-4.224351394624959e-4,0.005499999999999972,-0.012000000000000028,0.0020000000000000282,9.4
2018-01-01,-99999,-99999,4.497316117799688e-4,0.015047202869274745,-0.0018939393939393367,0.027895636539414737,0.004386221056031259,-0.04631718632364623,0.01659372182643626,-0.01126000706535124,-0.0011713003739843852,0.03897272104561611,0.008108108108108247,0.002915995449834563,0.028353770936599965,5.1,0.01165827333471392,-0.004384872125781425,-0.005,0.03600000000000001,0.0029999999999999714,-99999
2018-02-01,-99999,-99999,0.003915256449297466,0.00942246771180244,0.001897533206830948,0.006431549136124204,-0.01227869160614381,0.33042333383399924,-0.004594593467068031,7.922390653958278e-4,0.004235938300734654,0.011024490974908652,0.008042895442359255,0.132949397891011,0.041516538175942364,6.5,0.002910599246179313,0.017533476152381988,0.006000000000000014,-0.012999999999999972,-0.008999999999999985,-99999
2018-03-01,0.030958796343487638,0.03620361074800571,-5.199982666724834e-4,0.0037418524181218604,-0.004734848484848508,4.8722647088772497e-4,-0.013470237658045114,-0.26621289542510906,0.013215026371538263,0.002845551172174776,-0.0012022076486132294,-0.027092258869384267,-0.023049645390070927,-0.20877609416992615,-0.04218089703368877,9,-0.006941204211414753,-0.001471114466946588,-0.005,0.005,0.0020000000000000282,10.1
2018-04-01,-99999,-99999,-0.00976949201531907,3.607648214214443e-4,0.007611798287345595,0.0018193502062866518,0.011551736953654856,0.0922281332468482,-1.3492709250439994e-4,9.24394869845635e-4,0.004402660468105113,0.03292921565908191,0.014519056261342866,0.05326094111222113,-0.003915594156025826,2.2,-0.003075045660975606,-0.003719960949525758,-0.005500000000000043,-0.012000000000000028,0.0019999999999999575,9.4
2018-05-01,-99999,-99999,0.003940512850450162,0.0013623978201635634,9.442870632672129e-4,-0.014198343500154254,0.003743973207001039,-0.009948948997748674,-0.01893046172817281,0.002641812615254535,0.011715697843613482,0.006524231968976224,0.023255813953488413,0.02392889137970977,0.0260512548682732,6.5,0.011906189167491421,0.14168851857948273,-0.0029999999999999714,0.007000000000000029,0.0010000000000000141,8.5
2018-06-01,-0.008657705165889706,-0.014184553173663517,1.0176045588683458e-4,0.005722288915566143,-0.0018867924528301883,-0.004846656374449476,0.010125134683371062,0.018718329275263956,0.009047573945694554,0.0010098313199935482,-0.0042691875634179866,0.023013283865237266,-0.014860139860139898,-0.005714243041143874,-0.00194929443609837,5.8,-0.0025273278981452485,-0.1300722764139961,0.0014999999999999857,0.01,0.0010000000000000141,9
2018-07-01,-99999,-99999,-7.26786441072047e-5,0.01022559980901594,0,-0.004175367153300358,-3.050999636211582e-5,-0.017900186978039745,-0.009902194927971286,-0.0022800471973815073,0.0042988643264800785,-0.011552402765542813,0.007985803016858917,0.05746736611306957,-0.0070756362798980454,3.9,-0.004316575360232,0.0031400395842582363,0.0025,-0.01700000000000003,-0.009909999999999997,8.8
2018-08-01,-99999,-99999,0.0015990463868820193,0.013706183536825511,0.004725897920604849,-8.620638472763842e-4,0.0021721576966460265,-0.0079959208190582,0.003082938341860464,0.00497424881364239,-0.0029442339443037646,0.0016671808081478723,0.002640845070422726,-0.03586091572006922,0.008395956512688985,5.5,-4.0124807187547074e-4,0.008002349849867585,-0.004499999999999957,0.013999999999999986,0.001910000000000025,9
2018-09-01,9.728216085314045e-4,-0.0017763884886921044,0.0014658713226223252,0.015580076151993083,-0.00940733772342428,0.008622808116189207,-0.0014621217230523786,0.05873714433724331,0.0019581413156837257,-0.004856344858649497,0.001789928698147314,0.004396894077629554,-0.009657594381036083,0.028503236367209306,-0.0017460935752147133,5.1,0.0070231310074431175,4.275917025151621e-4,0.0025,0.02300000000000004,0.006999999999999958,9.2
2018-10-01,-99999,-99999,-0.001985449697110231,0.014308121963349851,0.014245014245014342,-0.004980795407228067,0.007152197003424066,-0.021972611066938486,-7.819547778484814e-4,0.0038118643242102124,0.011811014695180866,8.060850345881221e-5,0.025709219858156107,0.19429613645387134,0.01082893992556011,5.2,0.0075029729249795896,-0.016588975901803305,-0.006000000000000014,-0.009000000000000057,-0.01,8.6
2018-11-01,-99999,-99999,-1.887751397662285e-4,0.009542488590502662,-9.36329588014928e-4,-0.013079712580970959,-0.010685970142802814,-0.016301060880438145,-0.01683826336922445,-0.005123455856454573,0.001470067542426401,0.0031053566098246943,-0.011235955056179803,-0.12398071017735679,-0.021480208746230023,3.9,0.002974686871370924,0.017343488069845314,-5.000000000000426e-4,-9.999999999999432e-4,-0.005,8.1
2018-12-01,0.011775564198011956,0.003927449577806552,0.0033114506477662786,0.002092206530673213,-9.372071227742307e-4,-0.00993101624997561,-0.011578789805660739,-0.0536628066660787,-0.010757912142420945,-8.744127117177314e-5,-0.024482315716919723,0.005869236028355651,0.00874125874125875,0.09147962329174919,0.02258852818776047,3.9,0.0060805879409986385,-0.008242905679811674,-0.008499999999999943,-0.02200000000000003,0.003999999999999986,8.1608136072
2019-01-01,-99999,-99999,-0.00581933989577299,-0.0099172321228842,0.004690431519699834,0.0018466348996253323,0.014295587910377883,0.07410842043636512,0.012202528967195425,-0.0013658761279017329,0.017127993155222176,-0.03456337648648289,0,-0.0859410430454528,-0.02653327183588816,3.9,-0.0056998351764890876,0.003184829454785376,-0.006500000000000057,-0.02,0.009000000000000057,-99999
2019-02-01,-99999,-99999,0.008008386965258074,-0.007832504895315506,-0.0028011204481792618,0.013549925228293791,-0.013468741164487041,-0.027828400575041323,-0.005312042713846776,5.045102811962465e-5,-0.002149203915023601,-0.0867977752959933,-0.01906412478336228,0.05310578313526859,0.009330770222271134,4.1,0.0015841652977672815,0.008175194458406976,0.004500000000000028,0.025,-0.0040000000000000565,-99999
2019-03-01,-0.004014843964656567,0.008258846239858064,0.010544866239093897,-0.0035296796720813983,-0.0018726591760299671,5.117475696545526e-4,0.0120780969808858,0.0592063735455286,0.0125973591184807,0.002162582834688065,0.016855494308052332,0.08003375516954758,0.019434628975264934,-0.13169798681501022,0.02774323732012607,2.2,0.008037480537962605,-0.007244117345070911,-0.0014999999999999857,-0.02200000000000003,0.005,8.7
2019-04-01,-99999,-99999,0.003573572715057649,0.0026661588268901415,0.004690431519699834,-0.005273499945688376,-0.015746842122345894,-0.0834404174094382,-0.016207625226353883,-0.004994416423305559,0.005100850141686042,-0.01755152565619067,0.008665511265164572,0.063729556097887,-0.020470056088626176,7.3,0.002718214892220683,0.0015306515101005669,0.0010000000000000141,-0.005999999999999943,-0.005,7.2
2019-05-01,-99999,-99999,0.01271934822242482,0.009876543209876631,-0.0028011204481792618,-0.008373868750393698,0.016480379472438633,0.03597393071481636,0.0052253805730824165,0.0042881552292772795,0.002879129627169519,0.03126069676488785,-0.004295532646048095,0.01986883342669521,-0.010931075496661835,3.2,2.7506772075414077e-4,-0.0027672739949347047,9.999999999999432e-4,0.005999999999999943,0,8.6
2019-06-01,0.008368174320205757,0.010699156204031945,-0.0021378039690018724,0.016287380101561055,-9.36329588014928e-4,0.003075304934460732,-0.015662148195989323,0.008246262283100325,-0.007511676518916599,-0.009831923932752562,0.002921578225536292,0.016101184305100658,8.628127696288512e-4,-0.026330464628588235,-0.0035509875843847682,6.5,0.003521686042956551,0.1100910119777665,-0.005499999999999972,-0.008999999999999985,-9.999999999999432e-4,9.8
2019-07-01,-99999,-99999,-0.008597725126499367,0.01754385964912286,0,-0.0028466341178716714,0.011557528672061723,-8.275475292036649e-4,0.0013103117014923171,0.006065768815235684,0.005799752444225481,-0.0013839547646685713,0.011206896551724022,0.09246857109698459,0.03586351827563372,3.5,-4.723223267175669e-4,-0.09584429354898871,-0.0025,-0.006000000000000014,-0.005,7.6
2019-08-01,-99999,-99999,4.265059213248712e-5,0.012439982540375372,0,-0.011095303945441226,0.002355026808487537,-0.009147336365151859,-0.006448251834836549,-0.0041652841507926475,0.005361924434680976,0.004121947906552403,-0.0059676044330776445,-0.07788913618257176,-0.02119215098232141,3.1,0.008091349645155566,-4.635133165195038e-4,-0.006000000000000014,0.012000000000000028,9.999999999999432e-4,7.5
2019-09-01,0.011820974199477474,0.0017423075790379272,0.00207557362599875,0.0037364374505999276,0.029053420805998043,-0.0010874031176525412,-0.008252241768253787,-0.006801926819123727,-0.006690896076574804,0.005453087224208453,-0.005785562401883881,0.016871232200561526,0,-0.04132883612798499,0.030466750310151003,4.2,-0.003924715589649352,0.0013362978740512066,0.0010000000000000141,-0.025,-9.999999999999432e-4,7.8
2019-10-01,-99999,-99999,0.006043581886278515,-0.001288567542415353,-0.05555555555555547,4.892474617801401e-4,0.008186437379551048,0.010328917916805569,0.002778579650174917,-0.009608803945644784,0.005906704251465333,0.006698792003335008,-0.0017152658662091813,-0.013889738030380516,0.005819301603827043,3.2,0.006230507354402448,0.012607115552885295,-0.0029999999999999714,0.008999999999999985,-0.009000000000000057,7.2
2019-11-01,-99999,-99999,0.00588036212877574,-4.659164217618583e-4,0.009643201542912205,0.0012464544531824995,-0.008637364418744853,-0.006185478497969021,-0.008734129310932648,1.7334452321549065e-5,0.001700081308242396,-0.0032550921066089034,-0.01632302405498287,-0.045128884158656235,0.03768650465752432,2.9,0.0011799136581938097,-0.014625265241339225,0.0019999999999999575,-0.005,0.016000000000000014,8
2019-12-01,0.013554276557681932,0.010604469961430496,0.005060913207441287,0.004410340994657425,0.0019102196752627254,0.002013190728673342,0.008864955643355099,0.0180142700357786,0.00881302501442649,-9.859495541858498e-4,-5.382411667705922e-4,0.052335846568248634,-0.013973799126637543,0.024463240946356102,-0.04359065138689444,2.3,-9.219553908146327e-5,0.01105386351142057,0.008000000000000042,0.01,-0.008999999999999985,8
2020-01-01,-99999,-99999,0.005077275009764071,-0.019420248464943612,0.0028598665395613843,-8.234832538169812e-4,-0.020901269870804873,-0.31113729839030746,0.004128892572437426,0.009286826431244455,0.007708811062470122,-0.1091089809351189,0.010628875110717306,0.04564792223522929,0.015140434062463237,-99999,0.0047843212918654565,9.58175437971498e-4,-0.0010000000000000141,0.006000000000000014,0.006000000000000014,-99999
2020-02-01,-99999,-99999,-0.02269068502276006,-7.281199941749916e-4,-0.0076045627376425395,-0.010930871232257888,0.0019943185279838183,0.5271555078878343,-0.010069636380263036,-0.0020463102648797804,-0.004628691855826261,-0.12869292190889758,-0.07537248028045573,-0.08979499875202723,-0.024943973416038934,-99999,-0.007948101610758651,-0.015188497505795984,-5.000000000000426e-4,0.01799999999999997,-0.245,-99999
2020-03-01,-99999,-99999,-0.15315033867738315,-99999,-0.04214559386973182,-0.0344046207676354,-0.01825607596981016,-0.0934815083607019,-0.08405964575077707,-0.06859539071102172,-0.05272193525201896,0.13294048829757266,0.04549763033175358,-0.22043030362448068,0.00887344319363148,-99999,-0.4987809728707243,-0.546258085087,-0.06099999999999994,-0.04799999999999997,0.22699999999999995,-15.8
2020-04-01,-99999,-99999,-99999,-99999,-99999,-99999,-99999,0.03662908145233845,-99999,-99999,-99999,0.024070361548165664,-0.012692656391659063,0.3680684958407314,-0.07277052306641052,-99999,-0.9741413131755283,-99999,-99999,-0.10700000000000003,0.009000000000000057,-7.5
2020-05-01,-99999,-99999,-99999,-99999,-99999,-99999,-99999,-99999,-99999,-99999,-99999,-99999,-99999,-99999,-99999,-99999,-99999,-99999,-99999,-99999,0.003999999999999986,-99999
2020-06-01,-99999,-99999,-99999,-99999,-99999,-99999,-99999,-99999,-99999,-99999,-99999,-99999,-99999,-99999,-99999,-99999,-99999,-99999,-99999,-99999,-99999,-99999
