date,x_world.sa,x_cn.sa,x_us.sa,x_kr.sa,x_hk.sa,ipi_us.sa,ipi_jp.sa,ipi_kr.sa,p_comm.sa,p_manuf.sa,x_uv_world.sa,x_vol_world.sa,freight_mar_cn.sa,container_index.sa,container_sg.sa,bci_cn.sa,bci_oecd.sa,cci_cn.sa,manuf_orders_nl.sa,pmi_manuf_us.sa,pmi_manuf_cn.sa
2002-01-01,-99999,-99999,-99999,-99999,-99999,-99999,-99999,-99999,-99999,-99999,-99999,-99999,-99999,-99999,-99999,-99999,-99999,-99999,-99999,-99999,-99999
2002-02-01,-99999,-0.018771456694393285,-0.0039686086630079664,0.007965700856952695,0.0987044638230905,-4.7791079212355925e-4,0.013636363636363003,0.02358752578955725,0.01676505312868959,-99999,-0.004852247524283815,0.0053336793467388954,-99999,-99999,0.03847182725090348,0.011888125022093243,0.0035342312967998613,2.7799607682976735e-4,0.0225,0.03200000000000003,-99999
2002-03-01,-99999,-0.0042728262228026725,0.0037331514618519357,0.08388226699609502,0.03561633307713841,0.0077293838527972,0.010089686098655015,0.015776111014206284,0.12052949372967947,-99999,0.012867274326973988,0.012606652656897532,-99999,-99999,7.277334303763539e-4,0.005543433262285902,0.0030066643992128217,2.485504599782917e-4,-0.009499999999999958,0.016999999999999956,-99999
2002-04-01,-99999,0.06101812737408774,0.036352257487706874,-0.008464191048861203,-0.023839037786159922,0.002046491879843293,-0.004439511653718253,0.011047299231077501,0.048290155440414484,-99999,0.011830140732660643,0.0076209025053968205,-99999,-99999,0.00434853332195595,0.0019539044770631175,0.0016297622659866562,8.342442896203117e-5,0.0025,0,-99999
2002-05-01,-99999,-0.014121642859878603,0.003864867662790372,0.06951331240405367,-6.694788189464118e-4,0.005131203735481815,0.04124860646599826,-0.009322513681826794,0.002767892447607778,-99999,0.015617968452968478,-0.0017281937388392565,-99999,-99999,0.0010556907107079905,0.0017242516482354198,4.3867558712951116e-4,1.4604623402991734e-4,0.004499999999999957,0.007000000000000029,-99999
2002-06-01,-99999,0.038516201170753606,0.010140593310645762,-0.06945846467045136,0.01275337674100907,0.011231230345084109,-0.010706638115632106,-0.01348674184699794,-0.02247634069400628,-99999,0.020750347807100944,0.014457207718016951,-99999,-99999,0.0010899093372234159,0.003587744917435076,-5.252818373104873e-4,2.7562877932552077e-4,-4.999999999999716e-4,0.005,-99999
2002-07-01,-99999,0.051249593211043276,0.006074321105288272,0.03693718779804711,0.061322249162419684,-0.0034850431826447537,0.006493506493506773,0.03255580443345951,0.017144009681323125,-99999,0.013661583832274005,0.009537059559416416,-99999,-99999,0.009414295583362486,0.004579860617007325,-0.0013212215119058346,1.6548461976362283e-4,-0.007000000000000029,-0.03399999999999999,-99999
2002-08-01,-99999,0.01632579419914504,7.44135703292903e-4,0.08704510710468805,-0.01364442566830093,0.0024168963119055586,0.003225806451613078,0.014567827355350227,0.015863573269879083,-99999,-0.005142826881256224,-9.165714934327163e-4,-99999,-99999,-0.007670097388656205,0.0037011438290879273,-6.213509324287658e-4,1.1451243305460324e-4,0.014500000000000028,9.999999999999432e-4,-99999
2002-09-01,-99999,0.05143112770524838,-0.009024386122048922,-0.04056577505348391,0.044649560216970974,0.0011027693386300719,0.008574490889607711,-0.011206753543582804,0.054850673433535,-99999,0.005750837684981525,0.007563808888167989,-99999,-99999,0.020431274747790384,8.928332426032526e-4,1.9372268546402616e-4,2.5588818729849194e-4,-0.01700000000000003,0.0020000000000000282,-99999
2002-10-01,-99999,-0.019062583419179435,-0.00977165367758659,0.03206697469345632,-0.02003417705375421,-0.003652742474880788,0,0.006188834001304766,0.011658031088082943,-99999,-0.0026609959195508237,0.004412437613467324,-99999,-99999,-0.019733282096523697,-0.002158969846292269,3.276248398977888e-4,6.081793592613849e-4,-0.0034999999999999433,-0.015,-99999
2002-11-01,-99999,0.03121882078904248,0.012899114800399403,0.03094132643489811,0.00883682483329018,0.004599141465700063,-0.0042507970244500815,0.0091335198325213085,-0.04847265410645685,-99999,0.006492205509941673,0.009150529721725587,-99999,-99999,0.026902559772501,-0.006057555173817453,1.9054165493992414e-4,9.338745449993802e-4,0.005499999999999972,-0.005,-99999
2002-12-01,-99999,-0.023861836791051916,-0.034446994814247955,-0.0055442818514858105,-0.007536853034636581,-0.0051038841370405486,-0.00106723585912194,0.019313383513860805,0.09304113802383696,-99999,0.01478000452469952,-0.02212113269710092,-99999,-99999,-0.028590334628378344,-0.01063144120232995,-2.6466511019951344e-4,8.282748951664587e-4,0.006000000000000014,0.031000000000000014,-99999
2003-01-01,-99999,0.14436533368810078,0.022521967282396194,0.018264364035787795,0.04562346496288283,0.007164512743015994,0.013888888888890394,-0.025125175606065975,0.07843826943369692,-99999,0.03108323347831221,0.023350109344097092,-99999,-99999,0.0140855776741724,-0.01096204426432923,-0.001530738294009737,-1.6516616057604683e-4,-0.008000000000000042,-0.0030000000000000426,-99999
2003-02-01,-99999,-0.06174536691036525,0.013398085003788696,-0.028641306242048192,-0.03790854462627713,-8.988049530901376e-4,-0.00428265524625715,0.00190293199327507,0.11056751467710368,-99999,0.011324870539908938,-0.0014218332437841985,-99999,-99999,0.02960419539695125,-0.005013887586898358,-0.0019751146568501854,-0.0037714046285731717,-0.009499999999999958,-0.025,-99999
2003-03-01,-99999,0.044690189661468205,0.003925500458824782,0.03969774016973826,0.053746658000450864,0.0013686605846552347,0.006451612903227488,0.015581781301862607,-0.09471365638766516,-99999,0.0017460268779079247,-0.005692389842621992,-99999,-99999,0.013707413168975613,0.00628499965205509,-0.0014546616723681849,-0.010712650750218655,-0.005500000000000043,-0.025,-99999
2003-04-01,-99999,0.047153025962676676,-0.008531238891616,0.01660315073595653,-0.02517273983278112,-0.008562170246354861,-0.013888888888890949,-0.0159418974126192,-0.09034874290348749,-99999,-0.011803616429497565,0.006707425433318814,-99999,-99999,-0.015999134925668956,0.012581317929172497,2.3505877944196563e-4,-0.017592515789734864,-0.007999999999999972,-0.0019999999999999575,-99999
2003-05-01,-99999,0.029332018978659002,-0.004421832584979413,-0.05395846455378239,0.017569377267943498,0.0010349928137147746,0.015167930660889173,-0.004299130948207552,0.03798145506419415,-99999,0.028522191054341173,0.0033988259795691977,-99999,-99999,0.006298880637003013,0.012911927888896058,0.0010730321537897325,-0.010789761218417016,-0.0025,0.028999999999999984,-99999
2003-06-01,-99999,-0.027017010346722214,0.03889289021504272,0.05582592460735247,0.0022994647679133173,0.004999037237960247,-0.007470651013874452,0.032762582462382284,0.018381721353719405,-99999,0.008056988479483662,-0.010320403011236823,-99999,-99999,0.033718210291366235,0.009407800453933968,9.847043257693588e-4,0.0016401490240864902,-0.0075,0,-99999
2003-07-01,-99999,0.05351214668303883,0.0018817470535801295,-0.0012226632671972215,0.01257831366428075,0.002400139114353994,0.005376344086024609,-0.041843106294409016,-0.012145748987854255,-99999,-0.00930630079780348,0.018054968708018926,-99999,-99999,0.014934267000437318,0.006361184711619616,0.0015095333046251103,0.007872665862410866,0.0035000000000000144,0.02,-99999
2003-08-01,-99999,0.009324548264396215,-0.025141689732437023,0.0583010874507206,-0.014830448522917927,-0.0037676618889620483,-0.012834224598933797,0.05267790262172278,0.02219945355191255,-99999,-0.008344969442137029,-0.006238175780832633,-99999,-99999,0.00799913032736943,0.0039601972392755425,0.002085026150215441,0.0077602564151928455,0.005499999999999972,0.02200000000000003,-99999
2003-09-01,-99999,0.05241502020022004,0.03162075376035145,0.03296977802537038,0.02739642790708441,0.007673306299326166,0.030335861321778346,0.026186113532457034,-0.04310056799198125,-99999,0.007199686055886501,0.030835284482975345,-99999,-99999,-0.0038866896855777044,0.0014696518770764833,0.0020570994726507585,0.005435339699467523,-0.0029999999999999714,-0.008000000000000042,-99999
2003-10-01,-99999,0.03328774958641745,0.019036385380318155,0.07338117688921564,0.012169902855114323,0.00126966322364086,0.01682439537328939,0.013712403571118914,0.04870810055865915,-99999,0.020765380259413213,0.01963437132704593,-99999,-99999,0.028377193904027598,-4.0917962907494054e-4,0.0025476371395662945,0.0039700497364543175,0.014499999999999957,0.028000000000000042,-99999
2003-11-01,-99999,0.016142566143491077,0.039580084561837925,0.0024235420956586484,0.011479277402261845,0.009709339878568812,-0.002068252326781317,-7.353444148026078e-4,0.002996504078575102,-99999,0.007947213868447323,-2.371815497325125e-4,-99999,-99999,0.012616748198411187,-0.0024418375154656724,0.002777829789798014,0.002747365531871493,0.005,0.03199999999999996,-99999
2003-12-01,-99999,0.069396605728542,-0.017459212866311025,0.05363600797692869,0.03894742978232224,-0.0020838877402709066,-0.0010362694300505293,0.028716649838276265,0.07717842323651469,-99999,0.028068913502926174,0.017802471868520797,-99999,-99999,0.008902352279993586,-0.00498210175148095,0.002014008912984977,0.0021252729545040427,0.013000000000000043,0.01700000000000003,-99999
2004-01-01,-99999,-0.06645415492418949,-0.01326806849660045,0.060190820197748574,-0.08767696861628194,1.7231051996646762e-4,0.015560165975103013,-0.0017800402588544761,0.02865947611710329,-99999,0.02448939794599747,-0.01018335026461259,-99999,-99999,0.00872633557124769,-0.005936365853905556,0.001032929800943494,0.0010602774677157534,0.012999999999999972,0.006999999999999958,-99999
2004-02-01,-99999,0.10070925810857423,0.050396375990940045,0.04812643622058044,0.19519797056296073,0.007582407665676971,-0.0020429009193029257,0.03764749016732227,-0.017375674056321344,-99999,0.01032024858748648,0.02174319250866774,-99999,-99999,-0.028861837363501675,-0.004901209984492727,8.807157561325774e-4,-4.7952767024850296e-5,0.0035000000000000144,-0.008999999999999985,-99999
2004-03-01,-99999,0.025936224733068114,0.030651835541551042,-0.04493198982651925,-0.034291040563404374,-0.0016355468344478874,-0.006141248720574755,-0.01615726836162734,0.046493902439024515,-99999,-0.008322104510996908,0.009247681177579903,-99999,-99999,0.05408390330179036,-0.0022747045337918603,7.699285632463138e-4,-0.0014190736937774728,0.005,0.007000000000000029,-99999
2004-04-01,-99999,7.372653651487315e-4,-0.011803273857759478,0.039877114462014696,0.008091550055794539,0.00405223974171709,0.01853759011329026,0.009696850972133797,0.010924981791696986,-99999,-7.898642080755858e-4,0.004220798985852259,-99999,-99999,0.022426249346255034,-3.8724696027969685e-4,7.434460647857133e-4,-0.004116174069920486,0.010499999999999971,0,-99999
2004-05-01,-99999,0.04368763225636574,0.023967532380397172,4.8381778978989765e-4,0.0026039745817516557,0.007823018050306718,0,0.015278653538342235,0.05792507204610953,-99999,0.0029545566955591074,0.011655237358124237,-99999,-99999,0.015949576758424122,6.791039206004434e-4,6.659505944539568e-5,-0.0069091211436211886,0.011500000000000057,0.007999999999999972,-99999
2004-06-01,-99999,0.037596445236143916,-0.033475349969567914,-0.0046631967293010446,0.010113267559772154,-0.007305925032666805,0.0020222446916049464,-0.02629148353398303,-0.024107872514301243,-99999,0.005449624748353532,0.008100214458271582,-99999,-99999,0.0423264388507969,0.0012427470773204163,-0.00073875619814234295,-0.006192314280716205,0.003999999999999986,-0.008999999999999985,-99999
2004-07-01,-99999,-0.0030489394497100752,0.019093560555843325,0.013852556955206374,0.016690371442833696,0.009162068549079194,0.013118062563069577,-0.011186523836781537,0.02260990928122797,-99999,0.010028581713849238,7.213346385563923e-4,-99999,-99999,-0.02173820073932109,9.499960498067228e-4,-6.381582786387785e-4,-0.0020815680160191086,0.0025,-0.006000000000000014,-99999
2004-08-01,-99999,0.006047241692721084,0.00718300323153831,-0.028258112275862945,0.0036153182152618424,0.004629950874652344,-0.010956175298809101,0.015249499677478129,0.0365770438105637,-99999,0.0019907943893588964,-0.006764713003942324,-99999,-99999,0.006609453301129831,-4.248054479979446e-4,-3.311283709415136e-4,1.676533130465785e-4,0,-0.013999999999999986,-99999
2004-09-01,-99999,0.03908604369654367,0.02143789161286147,-0.0021634961696994637,-0.02042284183597376,-2.842845688532103e-4,0.0020140986908332437,0.02472997409706279,-0.021593153390388475,-99999,0.0020432709758770873,0.012077103545795165,-99999,-99999,0.03654513927860159,-0.0026969930484724847,-2.1647526054036081e-4,0.0018440420608694108,-0.0030000000000000426,-0.011000000000000015,-99999
2004-10-01,-99999,0.023163345524031875,0.008266719162895786,0.0837613051500572,0.04137203098569153,0.009987834367162218,-0.015075376884421399,-0.012177866806569182,0.09621854393755869,-99999,0.020254826894248845,0.006961597360190641,-99999,-99999,-0.012608410832952943,-0.003901488856732027,-6.292493091006879e-4,0.0027387343542659703,-9.999999999999432e-4,-0.011000000000000015,-99999
2004-11-01,-99999,0.08350318459571993,-0.012599832401279043,-0.007045196151491906,-0.009595764309816457,-5.026321268175593e-4,0.00918367346939486,0.016850406373219773,-0.05622391357721579,-99999,0.02007483419940237,0.009646905890757118,-99999,-99999,-0.018919006018943474,-0.003451090985784666,-6.637464353362876e-4,0.003074822406863298,-0.004500000000000028,-9.999999999999432e-4,-99999
2004-12-01,-99999,0.005295433564522778,0.03215628540705917,0.012178360163158652,0.01781641179816873,0.00715147944371175,-0.013144590495451802,-0.006995663321832213,-0.007544224765868912,-99999,0.010637279889374351,0.011902339686944874,-99999,-99999,0.04479928902729813,-9.430865336815808e-4,-3.9223456186587846e-4,0.0026038016857037327,0.0035000000000000144,0.01,-99999
2005-01-01,-99999,0.0011712385026978467,0.002203844422008272,0.08243764678792731,0.08732758965355303,0.007498574443586259,0.022540983606556875,0.02846668791839324,0.05884665792922683,-99999,6.74622097078581e-4,-0.0024887934889865626,-99999,-99999,0.004102346071253926,0.0033396230336890653,-7.14178596326831e-4,0.002061363717616338,0.003999999999999986,-0.0040000000000000565,-99999
2005-02-01,-99999,-4.4434563845552333e-4,0.007196974982209836,-0.07964469741386349,-0.12979055001540885,0.008274625686822912,-0.0010020040080147563,-0.02301397886123424,0.029582869166976167,9.999999999998899e-4,0.0032301570125568,-0.008256557516763019,-0.005069631110171113,-99999,-0.006117168625524916,0.0058761803030866755,-0.0012626863127583876,0.001819281661249006,-0.011499999999999986,-0.012999999999999972,-0.0020000000000000282
2005-03-01,-99999,0.05872838484341636,0.008429752524077072,0.024953316527689617,0.0496575427340995,-0.0049657188949385755,0.002006018054159897,0.02660173537856325,0.09629718682375565,0.009990009990010096,0.017508914476564552,0.004630064994588068,0.011456757152420893,-99999,0.021108494070538386,0.005639234056262321,-0.0014590648567638365,0.001533100595138226,-0.006499999999999986,-0.0029999999999999714,0.03399999999999999
2005-04-01,-99999,0.007332906517336424,0.03704873937573927,-0.007393470189133389,0.008352524095709635,0.0037151069323335673,0.006006006006007647,-0.014061003121233706,0.00636034652922457,-0.01186943620178027,-0.0061916529859982194,0.02908478932683556,0.041774516549200724,-99999,-0.0025587417001495805,-0.00577246910194662,-0.0015866943384459375,8.332326473841078e-4,-0.0025,-0.03,-0.011999999999999957
2005-05-01,-99999,9.474093495331903e-4,-0.005514623090149495,0.01110847965767392,0.09427729532013607,0.00327229768493309,-0.006965174129353491,-9.089769307923934e-4,-0.04402310123133912,-0.019019019019019034,-0.008767963012025537,-0.002546183031617688,-0.011222873142649359,-99999,1.793407436010419e-4,-0.014748992069488098,-8.424582885739884e-4,5.0981084809942345e-5,0.0034999999999999433,-0.014000000000000058,-0.03800000000000004
2005-06-01,0.006799904936641621,0.04741191960960567,-0.0016490418108022764,-0.003178065025028931,-0.021857460906051007,0.001231696296392748,0.003006012024044269,0.014368627450980442,0.08286789011740558,-0.020408163265306145,-0.018303335078863725,0.012808558492169997,0.017072902936881462,-99999,0.022651011446887193,-0.011653199581598384,4.419040191925294e-4,1.9758310161543946e-5,-0.013499999999999943,0.016000000000000014,-0.011999999999999957
2005-07-01,-99999,1.761671460496217e-4,-0.0034916564487572632,0.0400126075231968,-0.012932866379521846,-0.003487606867746962,-0.007992007992007055,0.009309374323446695,0.03884210526315779,-0.0031249999999999334,0.007210708057502346,-0.010551696605607397,0.018741529238522014,-99999,-0.028560602660556156,-0.0027959604628666757,0.0011845228243445582,-2.6030696295997746e-4,0.015,0.003999999999999986,-0.006000000000000014
2005-08-01,-99999,0.005753263725701618,0.02043556964669202,0.004810727255378566,0.02715159671606915,0.004619869317042058,0.0010070493454166218,0.0011337868480725266,0.09149863208025133,0.01567398119122254,0.021369271406716184,0.009324603167471857,0.012751067792198922,-99999,0.020555373474240968,0.006635841713899859,0.0012872037101565592,-4.709420252841934e-4,-0.006000000000000014,-0.003999999999999986,0.015
2005-09-01,0.018302332044505043,0.004305663495419942,-0.02607371018976634,0.012417245129246357,0.026367921937273664,-0.010040908836426388,0.009054325955732079,0.011018946466285096,0.056999628666914326,-0.004115226337448652,0.0026630978584587517,0.01128664552707681,0.05233198096679903,-99999,0.002668939276851523,0.008935474480649797,0.0016180709889270783,-9.252739600162929e-4,0.016499999999999987,0.043999999999999984,0.025
2005-10-01,-99999,0.05306889562342021,0.02706139907716132,0.030161199201365063,-0.0070954109441143665,0.015059089668088665,-0.0049850448653975254,0.010247948896491277,-0.008694888459511607,-0.012396694214876103,-0.005968815034113173,0.006443059511381355,0.01585259245072379,-99999,0.010652763381196584,0.002766701660969595,5.420462682441674e-4,-0.0010195663797225585,0.01,0.0040000000000000565,-0.01
2005-11-01,-99999,-0.006382561134269604,0.01978456428835651,-0.006842394531289875,-0.012951302381459917,0.007784792373517702,0.01603206412825453,0.047678269078050395,-0.07530787631788782,-0.011506276150627603,-0.010153552870503346,0.008644690763969898,0.013389154641530565,-99999,-0.02347913888684594,-0.0012315405208180863,-1.2320382259545237e-4,-1.1412934522814222e-4,-0.005,-0.005,0
2005-12-01,0.034078840168536795,0.021105686559292902,0.026557505675642634,0.01649502016835891,-0.018826811894861795,0.0018415644528457786,0.002958579881652934,-0.021324065731325392,0.0705183481843441,0.006349206349206327,0.007104030922779225,0.03157637275454017,0.05098816555710428,-99999,0.021926435214662865,-0.0037281946915946884,-2.6682280960299565e-4,7.698584712640955e-4,0.006000000000000014,-0.016000000000000014,0.0019999999999999575
2006-01-01,-99999,0.02972206354475082,0.00934478731775279,-0.018096704454800605,0.040897200797992195,0.00794831785660377,0.002949852507379891,0.04166301329826094,-0.005996598943882603,0.02208201892744488,0.023377214199484353,-0.009229218768889602,-0.0658312098531022,-99999,0.009940043720702896,-0.004089524690003787,-1.4672684251026968e-4,2.7549917838598503e-4,0.011000000000000015,-0.0010000000000000141,-0.021999999999999957
2006-02-01,-99999,-0.01666269028788503,0.012165601142076765,0.05384386662823326,0.021841918822833595,-0.003193335057597335,-9.803921568615204e-4,-0.016932983544001967,-0.029533585449306732,-0.004115226337448652,-0.0031073715568338267,0.009708450945313807,0.01178249146836663,-99999,-0.013941446447736427,0.003796388773991577,4.8114069855853536e-4,-5.923395792329922e-4,-0.0020000000000000282,0.007999999999999972,0
2006-03-01,0.05710859587193173,0.12692155648752057,0.021634880726068673,-0.015428095285136001,-0.025666603755417183,-4.611694385676657e-4,0.005888125613338957,0.009161743299940017,1.855631842642147e-4,0.0020661157024792765,0.0035657342148711635,0.020831687036039437,0.03560728911570088,-99999,0.01638836595299953,0.01168097602058249,6.91635154364656e-4,-2.1412672346743378e-4,0.016000000000000014,-0.015,0.03199999999999996
2006-04-01,-99999,-0.020038039162451837,-0.0013325490101921966,0.005039017808753821,0.020667446798833033,0.004952042776855459,0.020487804878049687,-0.007296792805022823,0.08654916512059363,0.013402061855670055,0.018522687599770382,-0.002026175762176008,0.009779067301331601,-99999,0.0026365604746529936,0.007541746241819469,5.986207897661355e-4,-3.961671083635432e-4,0.016000000000000014,0.009000000000000057,0.028000000000000042
2006-05-01,-99999,-0.024434731998045578,0.01688945520988616,0.05861350593984582,-0.03910172019528002,-0.004066929939258834,-0.016252390057358346,0.016837606837606822,0.005890890463587484,0.029501525940996975,0.028922479724118988,-0.002988169640084637,0.00531551024467225,-99999,0.0029041747835720777,-0.005240083003577922,-1.8975928146713894e-4,-5.099169421418637e-5,-0.0025,-0.015,-0.03300000000000004
2006-06-01,0.04093320840215231,0.047948721177029974,0.02173938741976289,-0.012559044943309505,0.04891437836895185,0.003532629016204325,0.01360544217687143,-0.010576896136280989,-0.01918180274995751,-9.88142292490224e-4,-0.01100495282454006,0.013895429040404528,0.0049229987854895185,-99999,-0.0060339820718411374,-0.008363895018363543,-3.6882601717558305e-4,5.180394894330753e-4,0.016499999999999987,-0.01700000000000003,-0.006999999999999958
2006-07-01,-99999,-0.010374553196814351,-0.02434283598667164,-0.022429883216263935,0.027866691771481156,-0.0030410245913576883,0.0038350910834170637,-0.051396774604612894,0.048892350294219344,0.004945598417408492,0.006765398071754358,-0.0109523549323991,0.03203883730082979,-99999,0.02676293180151057,-0.005188420685089068,4.961875169762209e-5,0.0010574612868845534,0.006499999999999986,0.01,-0.01700000000000003
2006-08-01,-99999,0.08410508235277647,0.02830613793757708,0.06110406075224417,0.015590413662280422,0.006566093789173166,0.0038204393505203438,0.07395853545681152,0.00990017325303194,0.008858267716535417,0.012477236526300173,0.010689056681486342,0.010101641212045376,-99999,0.059764867424620505,0.003663774066084091,-4.3336457196452294e-5,0.002136062701350916,-0.011000000000000015,0.007000000000000029,0.007000000000000029
2006-09-01,0.040900085388258844,0.008054811698445796,0.0091679640200657,0.06460375502301341,-0.012426251498674823,5.395319982959279e-4,0,0.01894318434511888,-0.1173106772322523,-0.00585365853658526,-0.00927149316580389,0.01683055567418479,0.018521569256594095,-99999,-0.006813391245617306,0.008385078787675582,-2.877333377268032e-4,0.0028172374601111994,0.012000000000000028,-0.015,0.038999999999999986
2006-10-01,-99999,0.018409589833192186,0.008616158153353703,-0.08842930449850428,0.008164036690653242,-0.0038817840799955095,0.0076117982873444845,0.03655459319375298,-0.008699676075890728,-0.004906771344455385,-0.012480756962354844,0.0011877364673857915,0.022282326805942,-99999,-0.0028872894714061514,0.0014520039112855265,-2.3254797476768285e-4,0.0020917879105462056,0.0010000000000000141,-0.008000000000000042,-0.022999999999999972
2006-11-01,-99999,0.037177710129267405,0.014751200942626719,0.08208713703695669,0.04876825787048045,4.885285388367411e-4,0.0037771482530728484,-0.01225080597407735,0.03678461394827748,0.01380670611439827,0.013953944060555612,0.01697088610750419,-9.196819251330313e-4,-99999,0.0023137513982853797,-6.369321540337092e-4,1.8478661972687327e-4,0.0017460414809165048,0,-0.011000000000000015,0.005999999999999943
2006-12-01,0.015621849666565879,-0.026939652101343192,0.004666949512091456,-0.02051164433123298,-0.017711220916368342,0.014481851731409146,0.0028222013170235982,-0.033744537994244705,0.00864475461503833,0.014591439688715901,0.023531466996945527,0.0032371931765073914,0.008406807477587375,-99999,0.015230855794390097,-0.002019835348490484,5.187254745326886e-4,0.001019917835965778,4.999999999999716e-4,0.011000000000000015,-0.005
2007-01-01,-99999,0.04531581824039321,0.009590593883357146,0.022382137901509447,-0.017370015938918293,-0.005343762544047115,-0.011257035647273872,0.010919468916738895,-0.06070886527988584,-0.003835091083413178,-0.011826121862384964,0.0037176555981954795,0.003354890848872305,-99999,0.00871339732739207,-0.0011868929231930725,2.9464283096714006e-4,-8.139475766726356e-4,-0.008999999999999985,-0.01,0.0030000000000000426
2007-02-01,-99999,0.15928000025013955,-0.02109040474644175,-0.0216684535931706,0.059183204680624435,0.0038217322134357357,0.005692599620486183,0.017702494442398686,0.06586826347305386,0.0038498556304138454,0.009762199104278668,-0.004722324577781656,0.036916240681540424,0.05622489959839361,0.06978316152579112,0.0012891728063713082,5.189946448755922e-4,-0.0014390823424548227,0.0014999999999999857,0.037000000000000026,-0.02
2007-03-01,0.026229878325897626,-0.17999280693890385,0.04437147901181815,0.02691338660790321,-0.0430392458697757,0.00865200996139781,-9.433962264139284e-4,-0.01869446938529362,0.01988585696450862,0.011505273250239645,0.014777157734443325,-0.0034430378704720654,-0.045222839863897524,-0.04435994930291509,-0.05153586564168755,0.008475288723245988,5.303683362132272e-4,-5.500361183132796e-4,0.004500000000000028,-0.013000000000000043,0.03
2007-04-01,-99999,0.1166557814844269,-0.003273146204119448,0.003513444499701368,0.02143557882955438,0.006690993638395648,-0.002832861189798086,0.020115805861306013,0.05683308559937039,0.011374407582938506,0.012246686674644014,0.009417243752396054,0.03877270080397244,0.03315649867374004,0.00916642055366701,0.005623281571896843,4.4412895881151826e-4,0.0015665047467356974,0,-9.999999999999432e-4,0.025
2007-05-01,-99999,-0.012026726882321426,0.018979616086763906,0.02351867958037812,-0.01955920603839112,-7.982791630880559e-4,0.012310606060607743,0.009625296188704002,0.0065359477124182774,0.005623242736644718,0.006367274342505835,0.0013811265433456565,0.015073928342216325,-0.015404364569961526,0.008928139660142831,-0.0054874329432332836,2.7082742581630015e-4,0.00214912156292435,-0.0015000000000000568,0.003999999999999986,-0.028999999999999984
2007-06-01,0.039647997718033956,0.06114783317014827,0.010749496448637652,0.032675063718003994,0.04710904567327745,0.003387371058849009,0,-0.0033811556922751507,0.010849909584086825,-9.319664492077884e-4,0.001984480920336207,0.009565476487287894,0.010384088965644134,0.005215123859191539,0.01282800208296564,-0.008651130579448885,1.3951576770088181e-5,0.0016662954503745553,0.0020000000000000282,0.008999999999999985,-0.012000000000000028
2007-07-01,-99999,0.002065872585153672,0.004499496559825511,-0.03247563000440978,-0.003946884323716704,9.095737435753648e-4,9.354536950409997e-4,0.011375277729734012,0.023093185883883427,0.020522388059701413,0.01697363420293274,0.0011205863637007152,0.006379264659801986,-0.0025940337224382715,0.014238444023699781,-0.005655057604292746,-7.533666316075216e-4,2.990949251331365e-4,-0.011499999999999986,-0.02200000000000003,-0.012000000000000028
2007-08-01,-99999,0.010220808021706551,0.018575172543410012,0.04800874764775531,0.00821343899047089,-0.002653176413853209,0.025233644859806725,0.033663079796890205,-0.03457319980925122,-0.005484460694698434,-0.0055220177801582615,0.01474112739073341,0.006872385728808439,0.006501950585175553,0.004271672817834693,6.365663062661842e-4,-0.0010563155090378418,-3.525176317520362e-6,-0.003999999999999986,0.0040000000000000565,0.007000000000000029
2007-09-01,0.054418125286962216,0.025063663820903193,0.005258733803509941,-0.05780377611582632,0.005103429013899152,0.004704173683548474,-0.015496809480398221,-0.007114041004365079,0.05573392607228134,0.011029411764705843,0.023274496925428823,-0.003291679159369343,0.020289166228974143,0.011627906976743985,0.020114112867734013,0.002893180977159737,-9.330753881854337e-4,-7.689303851272644e-4,4.999999999999716e-4,0.015999999999999945,0.021000000000000015
2007-10-01,-99999,-0.00952931315206762,0.014724927344108574,0.09653766645781503,0.005727014738466485,-0.0033495997797949872,0.0185185185185206,0.03615832243841166,0.060199625701809145,0.014545454545454417,0.025056285443825432,0.0065859557717604655,-0.01320751127066877,0.011494252873563315,-0.014615565470458947,-0.001038170775380265,-6.965219254594368e-4,-0.0011387273225509364,0,-0.01,-0.028999999999999984
2007-11-01,-99999,0.06439844610565393,0.012953602186736912,0.047330684977050064,0.024103096753943065,0.005523694729905992,-0.014545454545452752,0.003154418040797191,0.07789055604589579,0.0170250896057349,0.028062020754490824,0.010621546016989614,0.03999740813975716,0.015151515151515138,0.0083055838128967,0.0012179153360665218,-5.602459705942309e-4,-9.825189391740041e-4,0.005,-0.012999999999999972,0.021999999999999957
2007-12-01,0.06510995015988996,-0.048541604183373166,0.00793666541002791,-0.0388080740405129,-0.0066179883793325844,0.001163244387735407,0.007380073800737019,1.2331368535400955e-5,-0.0034800409416582134,-0.004405286343612369,0.0011252492629345578,-0.007309786484791858,-0.0567154064992037,0.01492537313432818,0.04038785782817822,-9.325145554006653e-4,-8.595219242081287e-4,-9.720446227244883e-4,-0.0035000000000000144,-0.013999999999999986,-0.0010000000000000141
2008-01-01,-99999,0.075471529978834,0.02798283430776194,0.02277660760772271,0.04815722883789997,-0.003948982094685638,0.0071576925977654415,0.02100006165608237,0.058682552725281,0.017699115044247815,0.021874762385084567,0.026612167671388853,0.06515821187454862,-0.001225490196078316,0.00591397630830115,-0.0011003579100160588,-8.051650459436344e-4,-0.002833414435098325,-0.0075,0.007999999999999972,-0.022999999999999972
2008-02-01,-99999,0.00475474251018726,0.02940416120106093,0.008359459900494581,-0.04237317512980798,-0.006358743682979062,0.001707941929979695,-0.0034300345418971645,0.04637474936938091,0.012173913043478368,0.01987153867021152,-0.01032533259484858,0.052065523781298584,0.014723926380368235,-0.005388968516548132,0.007222214197808885,-0.0010839053836442236,-0.0032566094889877606,0.0014999999999999857,-0.021000000000000015,0.003999999999999986
2008-03-01,0.06885718479100622,0.012910720351551053,-0.01428677728997696,0.04412888752244282,0.012242578691200157,-0.00312078063573884,-0.009377664109122219,0.004144751193736695,0.07411299295339346,0.030927835051546282,0.04045357308600006,-0.017824773232454905,0.013053744199886363,0.0036275695284160303,0.016412520361537286,0.012505782850565472,-7.817512175249952e-4,-0.001826548065063438,0.0020000000000000282,0.009000000000000057,0.05
2008-04-01,-99999,0.01584403571268367,0.04158488714425901,0.03443940314315452,0.03847632539861645,-0.011206449670417618,-0.0051635111876069395,0.007688037076373444,0.04949070610577189,0.007500000000000062,0.01278163944102606,0.0160830101374283,-0.017716842819062273,0,0.017088948203570986,-3.2398306075087646e-4,-8.566252884598669e-4,-9.157727088484613e-4,-0.008999999999999985,-0.012000000000000028,0.008000000000000042
2008-05-01,-99999,0.0462165019123264,0.004031417881376731,0.06356057518961644,-0.029922886542716354,-0.005490269112580215,0.004325259515571833,-0.01134226821410167,0.08471788123046542,-0.00496277915632759,0.0029302885064439455,0.004808751302072034,0.002727866020341585,-0.0072289156626504925,-2.515893006197478e-4,-0.017751056885208283,-7.455208372230127e-4,6.887319271076109e-5,0.0010000000000000141,0.003999999999999986,-0.05900000000000006
2008-06-01,0.07331585949677022,-0.02932067888114598,0.04471794131446938,-0.0690106232398272,-0.061593891042218685,-0.006678813937028516,-0.027562446167099575,-0.009328132192959249,0.0622788393489031,0.010806317539484578,0.017311444306420842,-0.012806818257505515,0.02074372188825091,0.00364077669902918,-0.0186884983451181,-0.020259643415993622,-8.53849535918938e-4,2.3107970334512729e-4,-0.008500000000000014,0.01,-0.012999999999999972
2008-07-01,-99999,0.05460229142563078,0.021807849098320897,0.10703316610030922,0.11409248068030342,-0.011677197321817379,-0.0017714791851164424,-0.005527294071610234,0.008946416674598057,0.01891447368421062,0.015557040231675368,0.012869551384283362,-0.018358104832726596,-0.007255139056832061,0.034228864720538876,-0.01758251110657294,-0.0018943178835197916,-1.4260653560294045e-4,-0.0020000000000000282,0.008999999999999985,-0.03600000000000001
2008-08-01,-99999,0.019158102607251593,-0.01766560447641352,-0.039144216450092806,-0.06056314422313114,-0.012294906069058364,-0.0354924578527136,0.0037750233633369046,-0.12079049146306953,-0.032284100080710254,-0.03375047959771926,-0.004631942446286397,0.0065011551154168234,0.0036540803897686658,-0.018482407689791924,-0.010177497121083623,-0.003876409494712796,-0.0016208873384455647,-0.0029999999999999714,-0.006999999999999958,0
2008-09-01,-0.003453881247019397,-0.03164451385065137,-0.07784441442449164,-0.04566736521653636,-0.004756562995515856,-0.03452228290678094,0.011959521619141489,-0.012458502284671269,-0.0965076980848667,-0.020850708924103456,-0.03199457563425223,-0.01484647731586608,-0.020334226536851907,-0.009708737864077777,0.011422924889548103,-0.011900854048655374,-0.006823130276410017,-0.003206681702752845,-0.025,-0.028999999999999984,0.028000000000000042
2008-10-01,-99999,-9.914900830310103e-5,-0.020210502743253755,-0.04394332607218843,0.07707494100327095,-0.00637601378619268,-0.023636363636366675,-0.01514625251197066,-0.18637928987056163,-0.048551959114139676,-0.06280637135936984,-0.017170509285071134,-0.009228639910661585,0.007352941176470784,-0.04007536599993433,-0.027009590328727184,-0.00832266139518023,-0.005770606837343983,-0.0175,-0.09,-0.06600000000000002
2008-11-01,-99999,-0.093770531895917,-0.06844370797859167,-0.19062001074977142,-0.10263696111679943,-0.023832723012161217,-0.06797020484171279,-0.10669706397289436,-0.15193753192731518,-0.0340196956132498,-0.05431100204246131,-0.056890775530088034,-0.0309673421277461,-0.051094890510948954,-0.0469566174818854,-0.023079778882506896,-0.007503147731590665,-0.008418898973063138,-0.033500000000000016,0.007999999999999972,-0.058000000000000045
2008-12-01,-0.22962374154804188,-0.12465284312276981,-0.10046105562314067,-0.08207503278615236,-0.09754483398535518,-0.034593091899371875,-0.08291708291708255,-0.10744197851160431,-0.11780397556148348,0.022242817423540284,-0.0016653205250189984,-0.06948048376560223,0.041401366115631166,-0.03589743589743588,-0.09699988805269799,0.0036723955190698376,-0.005274735662476937,-0.008573777188338738,-0.0575,-0.045,0.024000000000000056
2009-01-01,-99999,-0.04777854182924168,-0.06338076188744424,-0.14397646699437294,-0.0584269490290642,-0.0304515610830971,-0.08823529411764719,0.025860162396132758,-0.001658213031603628,-0.016319129646418795,-0.02852552090159033,-0.04737652802135839,-0.0813051097434232,-0.09973404255319152,-0.05696335677838127,0.025378247159437706,-0.002361581261939416,-0.00543205375851985,-0.01700000000000003,0.018999999999999986,0.040999999999999946
2009-02-01,-99999,-0.07005610548612318,0.030188679245283012,0.2406738865110496,-0.021361128481742764,-0.0014673950762941201,-0.08482676224611707,0.07644096767735897,-0.04904738641914996,-0.020276497695852602,-0.03083249453228598,0.01951220471046433,0.002650513490573214,0.07237813884785815,0.02501647277973662,0.031360890923310736,-7.724065849878947e-4,-0.0027746406554133296,-0.03199999999999996,0.0020000000000000282,0.037000000000000026
2009-03-01,-0.14859722514271057,0.08424075454349911,-0.016524739997408888,-0.027341545664243516,-0.031500750580317094,-0.01852054117447144,0.01174934725848531,0.04130008726377987,0.012123702866536634,0.0018814675446849893,0.004244689481432973,-0.003994155235997332,0.127428122839369,-0.00688705234159781,0.0406699447138088,0.025443521381450784,0.0014747639833114778,-0.001168379583155743,-0.023500000000000014,0.006000000000000014,0.03399999999999999
2009-04-01,-99999,-0.028213877951667632,-0.028886227544910215,0.08496650306365461,0.13273165293214428,-0.006889520375175762,0.043870967741935774,0.0389613957961259,0.012283016952593595,-9.389671361501595e-4,-0.004014895998232126,0.0054653505953774495,0.009678993729265173,-0.026352288488210696,-0.016869069516279533,0.013330902813064816,0.004045300888384951,4.256037013423697e-4,-0.013000000000000006,0.026999999999999958,0.011000000000000015
2009-05-01,-99999,-0.011709277223860837,0.02812993291239163,-0.044485792977013716,-0.0041202263660812255,-0.010523122686005415,0.038318912237329306,0.01157009494089345,0.08192940232651424,0.020676691729323293,0.028288920265919337,-0.008737565201987652,0.14264607299576992,0.007122507122507171,-0.02788458456618137,0.003668409111563742,0.004697217177158652,0.0014519653648006337,-0.003999999999999986,0.04200000000000003,-0.003999999999999986
2009-06-01,0.023446356662497392,0.02313215192623108,0.02840384315512945,0.1009832005455582,0.022901699201153924,-0.0032613196733877192,0.019047619047619424,0.040522346113122554,0.09973120771155819,0.014732965009208288,0.020981943137703185,0.024213446369651725,-0.0511981451357475,0.004243281471004279,0.014007404687142788,4.810553332450507e-4,0.004556808044653637,0.0017284681462683693,-0.009000000000000022,0.021999999999999957,0.0010000000000000141
2009-07-01,-99999,0.04058905270454716,0.024446854916780447,0.012778926370076382,-0.03951440666467354,0.014773881457763816,0.012850467289718948,0.026406703433373924,-0.045764854614412154,0.006352087114337657,0.005622339713499125,0.026879786457128185,0.031008071699677675,0.009859154929577452,0.018377203651665397,0.0010326564507663338,0.004529335412492896,0.0024011871682805275,0.0025,0.03400000000000006,9.999999999999432e-4
2009-08-01,-99999,0.02315656438353053,-7.514260016167063e-4,-0.02227915981189066,0.001261674987833361,0.011345746702133175,0.014994232987313394,0.013181890505856497,0.07604663487016428,0.008115419296663484,0.014704896494126762,-0.001614403978087986,0.006737299061943869,0.01115760111576014,0.04086271481145909,0.0031079643621518827,0.0038825693034696407,0.0020955570663829803,0.023000000000000007,0.036999999999999957,0.007000000000000029
2009-09-01,0.11086574335517274,0.0692053550615197,0.04450419861679222,0.09297664691905938,0.05857216052336489,0.008673286813383196,0.034090909090908283,0.034549408069582066,-0.031108922268735073,0.011627906976744207,0.0158778660928367,0.029821354529533828,-0.00954984237584,0.0234482758620691,-0.014104311215572651,0.004302805993985803,0.002687439902274935,0.0013935222224554789,-0.009499999999999993,0.015,0.0029999999999999714
2009-10-01,-99999,0.027527236091412055,0.03442671233623851,-0.019274154275296107,0.036275728874936464,0.0018425802331720753,0.025274725274724963,-0.017818776272769732,0.07107760081328363,0.004420866489831976,0.016484820429053526,0.018620874724181835,-0.004041471126787655,0.02156334231805923,0.05085366808113667,0.004953584436261815,0.002419291123899381,0.0011409527129617736,0.023000000000000007,0.027000000000000027,0.009000000000000057
2009-11-01,-99999,0.004070958776309697,-0.002045787680983513,0.010705523512814175,0.024010794642350675,0.009761436295589787,0.02143622722400873,0.007359060322895017,0.03859843391600082,0.007922535211267734,0.008638028360801409,0.0070503127839696145,-0.012119607906749374,0.01715039577836408,0.0438032697509978,0.0036045747279256357,0.002162732705824455,0.0011805823766481982,0.008999999999999985,-0.02200000000000003,0
2009-12-01,0.07847589507843433,0.05963095588583722,0.03865377503037992,0.049557434759861296,-0.017401914409022945,-0.0017403140236645909,0.008394543546694333,0.02097175834680698,0.024979057192902276,-0.005240174672489051,-0.003396227150661457,0.018274344356050243,-0.009005222159315984,0.025940337224383825,-0.05267339566895701,0.0013031921537596247,0.002725939260569188,0.001787921777659962,0.017500000000000036,0.003999999999999986,0.013999999999999986
2010-01-01,-99999,-0.018857400416511072,9.156298006973707e-5,-0.047372589569725454,0.02184882567200508,0.011034251079437452,0.02601456815816583,0.006392324586752984,0.03477227134259597,-0.0017559262510974394,0.0027874671569940723,0.00791968288763889,0.06013408200024206,0.01390644753476633,0.05501504648552369,-0.004524819885850184,0.0030988715869952888,0.002450179328670199,0.0125,0.005,-0.008000000000000042
2010-02-01,-99999,0.14001299533495937,0.012746434457081346,0.09291795623444865,0.061285711427602196,-4.864584306069064e-4,0.0030425963488889263,0.02542986113504009,-0.026854311768507277,-0.0158311345646438,-0.015366233571634691,0.009001570323342145,0.008642878379565788,0.02244389027431426,0.020890965415674145,-0.006324368686533521,0.0027776080718044938,0.0032215436793616714,0.016499999999999987,-0.007999999999999972,-0.03799999999999997
2010-03-01,0.036369229612709386,-0.10802868447959513,0.039927678167846814,-0.016447035279879674,-0.0010704076291552234,0.011833863121324173,0.002022244691604058,0.006104595808550828,0.020512063749723364,8.936550491509543e-4,0.009206032730967317,0.009715619018417332,-6.687812300216756e-4,-0.0012195121951218413,-0.03404485118904699,0.00157176550946736,0.0026901530225771353,0.00483390185142718,-0.0025,0.032999999999999974,0.031000000000000014
2010-04-01,-99999,0.03889573478810493,-0.010943687819955472,0.06710380813537542,0.026042423867813635,0.008319849858328787,0.012108980827445714,0.014484202088575149,0.04186248282842886,-0.0017857142857142794,0.0032147272278588712,0.009704216116987352,0.020699853069965135,0.012210012210012167,-5.95667013615131e-4,-2.5006067975963386e-4,0.0014098387670269386,0.0028669912472278902,0.009499999999999958,-0.006999999999999958,0.006000000000000014
2010-05-01,-99999,0.10670486486064501,0.03046964266531238,0.03292941897292545,0.029196861794778872,0.013854223456453818,-0.0029910269192371386,0.012225234024340725,-0.05281054823039544,-0.027728085867620655,-0.02267093266453768,0.025230076012584535,0.012787311336469154,0.00965018094089265,0.006582971906417434,-0.007200333385210644,-2.9897000987211264e-5,0.002483789670848946,0.018500000000000013,-0.007000000000000029,-0.018000000000000044
2010-06-01,0.0203976034170521,0.0018465833308642932,-0.009695120217595221,0.026904883344151198,0.04075415399354676,-0.001189942309328118,-0.008000000000005558,0.002927241779329348,-0.009231445527144944,-0.008279668813247487,-0.007880573724585394,0.01138059135440428,0.022777235501382664,0.010752688172043001,0.004880273903995036,-0.009520561367195146,-4.8257355620151543e-4,8.986674824680296e-4,0.010500000000000042,-0.008999999999999985,-0.01799999999999997
2010-07-01,-99999,0.015096442716651115,0.02633644036978189,-0.0018270729978385747,-0.05039003703466116,0.0058705760377868454,0.011088709677419706,0.009718183488817145,-0.007099016490423549,0.030612244897959107,0.024896294133479602,-0.0015886478520052982,-0.015359174905437922,0.009456264775413947,0.017220509360918568,-0.004948716907549944,1.263443987662427e-4,-0.0017286989252240925,0.006499999999999986,-0.003999999999999986,-0.008999999999999985
2010-08-01,-99999,-0.02399118865051919,0.0016970329895753533,-0.056769131852139276,0.07958641934578048,8.42570068692261e-4,0.003988035892325881,2.676487591801724e-4,0.028375660981604156,0.004500450045004545,0.011145761452887815,-0.0024866741399884873,0.017144562852593692,0.014051522248243353,-0.030050263512974906,0.0033288382603962052,5.304388671076854e-4,-0.004228978847136355,-0.0010000000000000141,0.0029999999999999714,0.005
2010-09-01,0.03871669938350042,0.013895271449815061,0.002848419406486169,0.0237311419491546,-0.025042765920672116,-2.2978829187780825e-5,0.01588877855015025,0.0033928781667755814,0.013760139049826092,0.009856630824372825,0.012061085055885545,0.0020812741255100686,-0.01573558306269829,-0.020785219399538035,-0.032277008814956765,0.009208228193509749,8.914103388204531e-4,-0.006403776052328003,0.007999999999999972,-0.011000000000000015,0.020999999999999942
2010-10-01,-99999,0.022617054446945728,0.046373475411662035,0.09365952432379165,-0.036515578213107025,8.920168668482553e-4,-0.028347996089929883,-0.010762896275120504,0.04772110301471644,0.03549245785270627,0.034083588351234484,0.018501557539591706,0.02374601773110996,-0.002358490566037763,0.04568723782766604,0.007552492494188989,0.0014547342138819808,-0.005719767237440498,0.008500000000000014,0.016000000000000014,0.009000000000000057
2010-11-01,-99999,0.05539482953047248,0.0070167657234099234,-0.06756460742811177,0.02576042963934322,3.683856256551099e-4,0.016096579476862383,0.01282092754935893,0.040024546570298636,-0.00428449014567267,0.003017760635259714,0.006681682892041074,0.061802928288048564,0.03191489361702127,0.03680716059845612,0.0019215127403680032,0.001788462780792699,-0.00562075899539094,5.000000000000426e-4,0.003999999999999986,0.005
2010-12-01,0.07306781500542936,-0.04852398614496245,0.02218091806802258,0.07573963714595133,-0.044107594398415606,0.004667281459814099,0.00594059405940528,0.024380376458564168,0.061758342621123674,-0.009466437177280573,7.052121249371268e-4,1.1571678289579168e-5,-0.03603963691951251,-0.010309278350515316,-0.043676917372307944,-0.0043581721521233074,0.0017540100471571396,-0.005048848392986249,0.0325,-0.006999999999999958,-0.013000000000000043
2011-01-01,-99999,0.12873857051624893,0.011185894397573337,0.123902339828726,0.1544723096949796,0.0015616855404951835,0.003937007874008858,0.02488099939720212,0.044766903365236255,0.022589052997393555,0.027960242938793733,0.00929400776885525,0.06073264543522372,0.01967592592592582,0.0484338522647112,-0.005859968816316119,0.0012003225366485903,-8.032707260762217e-4,0.018499999999999944,0.025,-0.01
2011-02-01,-99999,-0.12411980202258699,-0.01390865626358273,-0.11968392353719948,0.04670782669904927,0.001284515523043206,0.006862745098046519,-0.028373828742952245,0.049645390070921946,0.016142735768903904,0.02351773877452268,-0.0038406183486041634,-0.0427218667559538,-0.0011350737797956034,-0.029100239640740044,-0.003427907259523244,4.488591104074846e-4,0.005492411261964758,0.0015000000000000568,0.0010000000000000141,-0.006999999999999958
2011-03-01,0.07365005092612686,0.14947533226168175,0.059738127133659,0.08722807097468865,-0.05929849706423074,0.00579930731358802,-0.16455696202531955,0.02048761141378086,0.041216216216216184,0.019230769230769384,0.022479371934010395,0.0049304758005805915,0.03393162644448178,0.002272727272727204,0.021733038615454614,-3.571989254558261e-4,-5.975517959455612e-4,0.010925073836792976,0.013999999999999986,-0.008000000000000042,0.011999999999999957
2011-04-01,-99999,0.010291716845543641,0.014484125365976874,0.03955112322515175,-0.06348810584015852,-0.005603218427722156,0.020979020979020824,-0.014185340110659972,0.053644819381354125,0.015586546349466657,0.027905271449910396,-0.007605596979676443,0.00396118968058623,0.020408163265306145,0.022975034032154618,-0.0024621523004362267,-0.0016744939684324445,0.006066220120787058,0.006999999999999958,-0.005,-0.005
2011-05-01,-99999,-0.02058356906109915,-0.006471425240970219,-0.01227239284500925,0.04555565912534343,0.001236072189100268,0.06849315068493245,0.010613134142545944,-0.045935126257442116,-0.007269789983844865,-0.005109132667444172,0.0031361270860841284,0.010864146703858157,0.004444444444444473,-0.0031760805105824907,-0.0051413382979830224,-0.0024618767873940683,0.002229364580183857,-0.013999999999999986,-0.031000000000000014,-0.008999999999999985
2011-06-01,0.0474503487904443,0.012507189122978435,-0.018383661844191934,-0.04821019727521059,0.04031885601349616,0.0010804864153399762,0.04166666666666696,0.006292794596203688,-0.0027435580181827124,0.01301871440195268,0.0027306350500770904,-0.0011904032670119191,0.0072809964488460555,-0.004424778761062065,-0.013100842289019643,-0.005503748052625657,-0.0019423772619560076,4.2628697935653825e-4,-0.006499999999999986,0.01,-0.011000000000000015
2011-07-01,-99999,0.05838764007416364,0.03122424082561248,0.10453821755345838,-0.04014001970800796,0.006456297342908979,0.012307692307686802,4.896660069777514e-4,0.022925881972165385,-0.005622489959839383,0.002524604328651092,0.016938272639763996,0.02322452964374966,0.011111111111111072,0.03325460203285724,-0.0030270071671903986,-0.0019987462670372214,-0.003613714582039851,-0.023999999999999987,-0.028999999999999984,-0.0019999999999999575
2011-08-01,-99999,-0.02193661535652358,1.278935925310698e-4,-0.052770868759448475,0.03556691973912263,0.0035168448350002546,0.01722391084094177,0.0038032506066847382,-0.02525971628961654,0.0056542810985460434,0.003629569767352292,0.0015237062065567297,3.87640722738114e-4,-0.00219780219780219,-0.005688438994532641,-0.001011653764273368,-0.0017108841948270115,-0.0056735608862446,-0.013500000000000014,-0.0029999999999999714,0.0019999999999999575
2011-09-01,0.013708449784962662,-0.029939164912795024,0.018294437340153458,-0.021946839486970404,-0.10939398360558905,0.003424755593733453,-0.007968127490045274,0.00414436194094292,-0.003246050638389897,-0.02168674698795181,-0.021254858141206645,-0.004240624825894934,0.01479820587880698,0.0011013215859032588,-0.03173809941759598,-0.0014914159841910024,-0.0013789588523906993,-0.0077060704463058904,0.0025,0.011000000000000015,0.0030000000000000426
2011-10-01,-99999,0.011585045905583069,-0.0011066722131090057,-0.0036625726949407467,0.11391500656426734,0.005421772083784138,0.017068273092369246,-0.002255829244853569,-0.03636561007381689,-0.004105090311986914,-0.0016818029900267373,-0.0037077239105790527,9.693381285764691e-4,0.007700770077007535,0.039990454456173774,-0.0037763572549883717,-0.001030802423865551,-0.008134816023220082,-0.021000000000000015,-0.02300000000000004,-0.008000000000000042
2011-11-01,-99999,0.02911098072355034,-0.012218310965835921,-0.032552095541238724,-0.07005425818529254,-0.002677008440533757,-0.022704837117471843,-0.008932192391921445,0.008955728286583309,-0.0032976092333057982,-0.004050950123860142,6.440984068207811e-4,-0.001851054483176351,-0.01965065502183405,-0.013076708518585667,-0.0031108243288092696,-3.1880000046680124e-4,-0.003999921167709086,0.023999999999999987,0.003999999999999986,-0.013999999999999986
2011-12-01,-0.021185368279540095,-0.03684184240607824,0.009736463213828372,0.05969441232390493,0.011378794026686068,0.007112453603385971,0.02121212121212368,-0.011580444189829286,-0.02121364372243617,-0.01985111662531025,-0.013020476270068415,0.004970084721828805,-0.0044642327034658535,0.03006681514476628,0.04160727344391213,0.002256529712513,4.3387352953949687e-4,0.0044122160142603395,-0.0029999999999999714,0.012000000000000028,0.012999999999999972
2012-01-01,-99999,-0.04330526307510407,-0.009461386357011659,-0.06766640321155226,-0.027090503139047373,0.008281310235279893,0.00494559841740938,0.03065649613430077,0.017338732675526103,0.00421940928270037,0.002081722825740373,-0.00506489509218544,-0.018135105707409283,-0.011891891891891881,-0.013918927525528701,0.005105079970783688,8.128087942367301e-4,0.00694917681618068,-0.0014999999999999857,0.0020000000000000282,0.0020000000000000282
2012-02-01,-99999,0.07722137057514011,0.008239485906979649,0.1578412158758098,0.2819559745053948,0.0032028441255835816,-0.0029527559055161356,0.018597925307036522,0.04406570611649929,0.013445378151260456,0.016826848681970485,0.00928392024764979,0.06043230264519406,0.008752735229759168,-0.022673928707645286,0.007125235125765572,8.130018836256525e-4,0.0028319826862852615,0.008500000000000014,-0.006000000000000014,0.005
2012-03-01,0.010530765409898724,0.06202785187093518,0.032657053608052156,-0.09257230613025957,-0.19407582308438887,-0.004758997198476722,-0.00197433366238553,-0.0275452761921664,0.025183912366428585,-0.0016583747927030323,-0.0027773663996069065,0.006038591276163796,0.002548376813201081,0.00759219088937102,0.031654472679900625,0.006665575557059711,2.067914698977713e-4,-0.0020136228626407293,-0.011000000000000015,0.008999999999999985,0.021000000000000015
2012-04-01,-99999,-0.04128275460630604,-0.014505927646052297,-0.013632329265862664,0.027210525639696836,0.005461424180635888,-0.004945598417409602,0.008880868621944815,-0.030588728263146736,-8.305647840531893e-4,0.002198637516458657,-0.01226160579152713,0.004853149738340834,0.0010764262648008671,0.016174537885128126,-6.674561079045294e-4,-6.969828192645577e-4,-3.2579196163995405e-4,-0.008999999999999985,0.007000000000000029,0.0019999999999999575
2012-05-01,-99999,0.05763926165380462,-1.7827660778368948e-4,0.015555493752241745,0.05075728224525178,-0.003951185953998015,-0.017892644135186764,0.01300306486459335,-0.056894315971471765,-0.015793848711554426,-0.019759041413419,0.024625235212794916,-0.002772790589301022,0.008602150537634357,0.018215222216772853,-0.008229582781607125,-0.0017469190803109935,-0.0024354412586907737,-0.01700000000000003,-0.016000000000000014,-0.028999999999999984
2012-06-01,-0.00939752202302968,0.012251836138944094,0.006481122567640885,-2.9599722821904706e-5,-0.04295468717097928,0.002156097883241115,-0.007085020242922346,-0.02126794234641738,-0.08135204812374686,-0.008445945945945943,-0.016791480093858113,-0.004702275854550408,-0.019874129812752606,-0.004264392324093702,0.0023177015815751822,-0.00714479961278458,-0.0020200970939480145,-0.006569570072572639,0.0029999999999999714,-0.037000000000000026,-0.0019999999999999575
2012-07-01,-99999,-0.05796395592011139,-0.010205967987922171,-0.03291377903150838,-0.04126053248745665,-0.001441297827266319,-0.006116207951065489,-0.005807530532610405,0.04502650452135959,-0.006814310051107442,-0.004648792034988136,-0.006430463773959838,0.001457752438341453,-0.0032119914346896428,-0.014573834237728955,-0.0045546518840147154,-0.0013139011084271068,-0.0037608937573745393,0,0.013000000000000043,-0.0010000000000000141
2012-08-01,-99999,-8.784730222344272e-4,-0.01237344456463374,-0.008519235683549176,0.08595094067635767,-0.0019775181097445582,-0.014358974358975485,-0.010857154508012834,0.044638061705555954,0.007718696397941649,0.010404006624993967,-0.0011727545370056047,1.446684661419173e-4,-0.00537056928034374,-0.0046100140546311286,-0.002320184083083432,-7.675537685392086e-4,0.0022887668234374825,0,-0.008000000000000042,-0.008999999999999985
2012-09-01,-0.005950662240135629,0.06806573538882743,0.042659816721954735,0.049069178764212795,0.026127835447390613,-6.795214485236789e-4,-0.021852237252861006,0.008616158388901951,0.014910025706940777,0.015319148936170146,0.01745988263844822,0.007913211144627175,0.06483076917935282,0.044276457883369424,0.009811531656356287,0.0013699904653960981,-4.8069609465251073e-4,0.007092928475354032,-0.008999999999999985,0.018000000000000044,0.005999999999999943
2012-10-01,-99999,-0.033630545450203164,-0.04401284715662179,-0.033959817908593926,-0.07699952418842293,-0.0035633944215271995,0.0031914893617017714,0.01463270081644752,-0.002532928064842843,0.0016764459346185756,3.4164400591607524e-4,-0.01227649308740597,0.008348628686668746,-0.031023784901758056,-0.01717158152637821,0.002897103430420378,-5.577338516495889e-4,0.00865674409392203,-0.011499999999999986,-0.0020000000000000282,0.0040000000000000565
2012-11-01,-99999,-0.027546440026436247,0.015612524802175454,0.02783170101523269,0.05882949493452516,0.007408935814721351,-0.00954400848356296,0.010443627574399539,-0.01145533547768185,-0.005020920502092019,-0.008497963922232454,0.0031060242897551493,-0.010779362074244236,0.002134471718249653,1.3450959832472797e-4,0.0024605750506156987,6.140424311795734e-5,0.0036352282296283622,0.0014999999999999857,-0.018999999999999986,0.003999999999999986
2012-12-01,0.007196616372636688,0.07656380979215771,0.025397739655655505,-0.025688701173495754,0.05284390472324918,0.007933930867596306,0.012847965738758571,0.0067774987043018875,-0.004852152072154281,0.00925147182506314,0.013399016480128978,0.003154621955062664,0.016144012214637682,0.010649627263045858,-0.007225994799927693,8.254168404704387e-4,0.0010271573337850004,9.007922528458945e-4,-0.0025,0.012999999999999972,0
2013-01-01,-99999,0.01215532187741375,-0.015659751478301898,0.0648474683770921,-0.009195249345224199,-0.003290934466789075,-0.019033527662071892,0.008444541242624615,0.02139620260425623,0.004999999999999893,0.005984973579491459,0.014818592996950208,0.006965408485828828,0.015806111696522684,0.018002316589709855,-2.88567965556652e-4,0.0014452365330521744,0.001593065848870756,-0.0025,0.018999999999999986,-0.0020000000000000282
2013-02-01,-99999,0.10152937975308296,0.010965791665381586,-0.02425489943256609,-0.040084882395441834,0.004550915354565532,0.01687763713080126,-0.009973985176458977,0.018757722116140574,0,0.0037742613498845667,-0.00828523121803415,0.0013379214102224868,-0.032157676348547826,-0.008520408532112445,3.3536601973249702e-6,0.0011004970650916324,5.445502709200412e-4,0.0030000000000000426,0.012000000000000028,-0.0029999999999999714
2013-03-01,0.016879777636424453,-0.028849495082342802,-0.017071198645288277,0.00283285601079708,0.04617810134425615,-0.0010909940520035244,0.01348547717842341,-0.02368888139694003,-0.03743109151047408,-0.01492537313432829,-0.01272859805891624,0.010373194496294369,0.02362352552544955,0.017148981779206984,-0.007753282941763917,0.0011688083651777426,-8.288752913188091e-5,-0.005856988764626592,0.005999999999999943,-0.02,0.007999999999999972
2013-04-01,-99999,-0.04057959069189043,0.012222567127114559,-0.043441220800411795,-0.02802980212244932,-0.0038345427984128877,0,0.005768840138127285,-0.03247236698929046,0.0016835016835017313,-0.004801222965812091,-5.413969870453617e-4,-0.010983536822817497,-0.0031612223393046035,0.019351622868793772,1.0431395980248226e-4,-5.77506261590921e-4,-0.007425327777078827,-0.010499999999999971,-0.011000000000000015,-0.0029999999999999714
2013-05-01,-99999,-0.05658228622966999,-0.0066776555372408675,0.06473530884390244,-0.023079110410282766,0.0030115896955280608,0.01535312180143289,0.0024942440521873444,-0.01823132473067357,-0.006722689075630228,-0.009615935581236856,0.0014347271824837193,0.008308571430123424,0.007399577167019,0.022672502063595168,-6.137367545930861e-4,1.6022621720401808e-4,-0.009859069044655167,-0.0010000000000000141,0.0020000000000000282,0.0019999999999999575
2013-06-01,7.114144896316343e-4,-0.006280560005276992,0.017551171621746686,-0.0258030122806161,-0.02857016063163087,0.002352838483390629,-0.010080645161290036,-0.002205993452530919,-0.013927408657904317,0.0076142131979695105,0.006570738874893456,-0.0037174280181475616,0.0027561896168482036,-0.005246589716684125,0.0011602299933466398,-0.001084279369788499,0.0011284987041579875,-0.007096846150177694,0.00950000000000003,0.0019999999999999575,-0.006999999999999958
2013-07-01,-99999,-0.00823132344914912,-0.0047634217752088315,-0.029606242168321306,0.04381444845966653,-0.009266552929393934,0.015274949083503131,-0.007722904215797133,0.013512687251604927,-0.010915197313182134,-0.007295229998761643,3.44714136777835e-4,0.016894240184522458,0.00843881856540074,0.03707971028788992,9.228144064117316e-4,0.001535155057409865,-0.0016409117032395448,0.013500000000000014,0.037000000000000026,0.0019999999999999575
2013-08-01,-99999,0.03734790446409342,-5.334959225670177e-4,0.0735975940923419,-0.0133887521773568,0.009171434507446952,0.0020060180541625616,0.022616516262933484,0.022743725868725972,0.00679117147707986,0.005066964134270213,0.01599484393103956,0.009109528780272935,0.004184100418409997,-0.03281399726231682,0.002729361170274558,0.0016507402922445458,0.00294884779612814,9.999999999999432e-4,0.0029999999999999714,0.007000000000000029
2013-09-01,-0.0017124970917948845,-0.031091053334854513,3.660210462101965e-4,-0.07186540772912686,0.032822648714230684,0.0012174191900902187,0.011011011011013094,-0.018604373520106576,0.004188049312806141,0.001686340640809414,0.003146498482916149,-0.013167660399489245,0.001080833230449496,0.002083333333333437,0.012457487791441624,0.0024444030832990737,0.001255402670793826,0.005495487311194758,5.000000000000426e-4,0.0020000000000000282,0.0010000000000000141
2013-10-01,-99999,0.03134287246762879,0.02744153428667273,0.07013726177796498,0.002583363173310982,8.195230356158323e-4,9.900990099003248e-4,0.016939702364056508,-0.012570488721804551,0.010101010101010166,0.003948044718146582,0.015811930955656583,-0.0021657261565365404,-0.004158004158004269,0.001058916212580252,0.0014520030092357583,7.462596296698987e-4,0.004363084784827276,0.005499999999999972,0.0010000000000000141,0.0029999999999999714
2013-11-01,-99999,0.04805855374542678,0.0045627207169776085,-0.02346925712889647,0.025969696761109606,-3.8028710194604187e-4,0.006923837784368114,-0.004824801874096507,-0.0073765615704936005,-0.005833333333333357,-0.004043080998667237,0.006254390416522648,0.01532456557305828,0.008350730688935215,-0.011129092042556188,-4.6536003784791724e-4,4.7579538127462406e-4,4.851685702889075e-4,0.003999999999999986,0.012999999999999972,0
2013-12-01,0.022054579376351358,-0.03540803204297427,-0.015974535276175428,0.006620065428742716,-0.01707646354500525,-2.4604548580586805e-4,9.823182711192757e-4,0.02316915587342616,0.01929761476687042,0.010896898575020852,0.010707634697925128,-0.011744654555681744,-0.012567292330340485,-0.0010351966873705098,-0.00410318594859771,-0.0024340395524224956,-1.5236104558868924e-4,0.0026808738311461244,-0.005999999999999943,0.0020000000000000282,-0.003999999999999986
2014-01-01,-99999,0.09025991495352126,-0.006154308015611121,0.01003539094663819,-0.0036040703194872847,-0.011395006123000151,0.018645731108930308,0.006510416666666519,-0.014287394167450618,-0.0024875621890546595,-0.0027860366171506,0.005645206177643081,0.030542369800773406,0.0010362694300518616,-0.007319550911987771,-0.003118461300026465,-4.521345761793194e-4,0.003392091642646422,0.018499999999999944,-0.04800000000000004,-0.005
2014-02-01,-99999,-0.15362343118977329,-0.0023183809092280905,-0.006984809684752347,-0.037237735459948684,0.010403607170350826,-0.010597302504811279,-0.014852785261990742,0.021771547867581287,0.006650041562759723,-8.3189286405283e-4,0.0016970322488545353,-0.029597519006154482,0.012422360248447228,-0.008403981936112803,-0.002130880601126761,3.2502247092458525e-4,0.005878861298260096,-0.005499999999999972,0.026000000000000013,-0.0029999999999999714
2014-03-01,-0.006273409301103983,0.11691692000648612,0.02432765889806454,0.024395664927095995,0.051974206452098715,0.008399661203442932,0.014605647517031972,0.004097470429099026,-0.018330414477524926,0.0016515276630884035,0.007809447338357867,-0.0015326853155953613,0.05845974684309074,0.00920245398773023,0.043515411518614266,-2.2368387724802652e-4,6.589666034422237e-4,0.005268486204976108,0.007000000000000029,0.011000000000000015,9.999999999999432e-4
2014-04-01,-99999,0.011896144235778339,-0.006295861136358605,0.004002397945851444,-0.014537962261506276,-0.0015689930087101622,-0.04510556621880535,0.00230095283046694,-0.0035085632730732508,-0.0065952184666117075,-0.002938985691965712,0.0061765210744022525,-0.019738249089497728,0.012158054711246313,0.009700674072611992,0.0013964111130280177,5.524990309289102e-4,-0.001202449848752729,0.0019999999999999575,0.003999999999999986,0.0010000000000000141
2014-05-01,-99999,0.006256858623329142,0.013154861498419823,-0.018631617199221573,0.020798485610263873,0.0029158960065915895,0.02311557788944496,-0.029794665018492816,-9.548248493166378e-4,0.004979253112033177,-0.0027129875467635234,0.0034791264593707627,-0.026578848968128344,-0.00800800800800816,0.0059082697217567315,0.0025971214089468564,2.0635333961549485e-4,-0.0028830998367510574,0.008000000000000042,-0.0019999999999999575,0.003999999999999986
2014-06-01,0.006632727706191721,-0.030870128056897594,-0.005849798890226299,-0.02127636939486721,0.014643445347668482,0.0035767026329356355,-0.014734774066799572,0.02544138168139609,0.005614957290484446,-0.007431874483897483,-0.008417647197293543,-0.0025532782470739646,0.022555748273976217,0.00908173562058523,-0.006885157199432501,0.0027152372537957437,-1.2071993231188571e-4,-3.1586719120180184e-5,0.0025,-0.008000000000000042,0.0020000000000000282
2014-07-01,-99999,0.07230586531045402,0.009206553116717142,0.01227908015928536,0.004849995026472653,0.004429068987444662,-0.001994017946160498,0.012592446504289478,-0.025066825066825116,0.0024958402662229595,0.0032419251781525826,0.012411492203512342,-0.013410764371082129,-0.0030000000000000027,1.1911688855059666e-4,0.0019235832814508136,1.1761786324893109e-6,2.4021957397390992e-4,0.005499999999999972,0.007000000000000029,0.007000000000000029
2014-08-01,-99999,-0.0010206015394340628,0.005984169019854546,0.03323534454149213,-0.0051018247824861085,-0.0054030460425452675,-0.006993006993004314,-0.03196120248911738,-0.029671601779077572,-0.0024896265560165887,-0.011611452118542975,-2.1573100744498586e-4,0.0301842715039935,0.012036108324974926,-0.009379502743005252,-6.106937488535857e-4,2.1252337470389904e-4,2.139034273136442e-4,-0.006499999999999986,0.011999999999999957,-0.006000000000000014
2014-09-01,0.0018993955997967937,-0.007535630240956603,-0.01705305718773631,-0.04159340285790747,-0.006033875524632748,-2.687854124819866e-4,0.012072434607650617,-0.005452442030078997,-0.03867888986562851,-0.016638935108153063,-0.024053401512760697,0.00953523403131551,-0.016326549059065276,-9.910802775026095e-4,0.01775639411296237,-0.001703205670414043,6.937964270070651e-5,7.652792873154013e-4,0.008500000000000014,-0.006999999999999958,0
2014-10-01,-99999,0.009828971876449932,0.011001205915645018,0.04706766691450137,-0.0033034988993604353,-0.0010666317314679263,-0.001988071570585448,-0.015536651730172046,-0.06381450032658387,-0.012690355329949221,-0.013043050370833531,0.003075124129355844,0.021687609048334,0.01388888888888884,0.022661472696085427,-0.0026609570783692194,2.9515786611922223e-4,2.0937043256985532e-4,0.015,0.005,-0.0030000000000000426
2014-11-01,-99999,-0.00243832926907106,-0.010837589825398397,-0.05617124574434251,0.002400727838887562,0.00804498142901422,0,0.00802449474452116,-0.0661410730482106,-0.009425878320479919,-0.019340858467749467,6.391251411130838e-5,0.010720797246640545,-0.012720156555772966,-4.6769669246971013e-4,-0.0030820275821297205,-2.3853423971742505e-4,0.0023517904259242606,-0.011000000000000015,0.0019999999999999575,-0.005
2014-12-01,-0.04256015869247709,-0.022272959440405526,-0.009077256552713964,0.03284015630586379,-0.027849048765001827,-0.003198135877084507,-0.004980079681270233,0.03641904839564547,-0.1205080313784086,-0.00519031141868509,-0.028269242502558245,0.006339524310684075,0.014468250430679674,-0.0049554013875123815,-0.019038893299893833,-0.002449837011926359,-9.430270160921683e-4,0.0029650126143909716,0.011000000000000015,-0.011999999999999957,-0.0019999999999999575
2015-01-01,-99999,0.0014554741025352147,-0.043435414271422945,0.0026336485022639966,0.03485279208396719,-0.004154162782791682,0.030030030030032018,-0.042102260992712415,-0.12614678899082565,-0.024347826086956514,-0.027668336086921652,0.015463782762913603,-0.0051223813605375534,0.003984063745019917,-0.015777691698882546,-0.001433872971160488,-8.659636873191712e-4,0.00368366643819118,-0.004500000000000028,-0.02,-0.0030000000000000426
2015-02-01,-99999,0.29591526082632247,-0.011418269230769051,-0.0450684663718548,0.00648650662141903,-0.007037252938136063,-0.03012633624878769,0.035934291581108724,0.06522795761640898,-0.016042780748663055,-0.01748274796903282,-1.866506915959576e-4,-0.036884891090723015,0,0.029639894791695376,2.454127324780231e-5,-7.161979277694464e-4,0.004340023825225137,-0.00950000000000003,-0.008999999999999985,0.0010000000000000141
2015-03-01,-0.08861925519756442,-0.36142004734534217,0.003923735838629483,-0.0059068396902555165,-0.029869322869664927,0.003261358856840868,-0.005010020040079444,-0.02378592666005952,-0.02536959299142183,-0.015398550724637694,-0.024688272851001947,-0.030792065535039548,0.008691737937828181,0.005952380952380931,-0.070223171761154,8.361566480032945e-4,-5.133182027589056e-4,7.295171085524021e-4,0.0075,-0.008000000000000042,0.0020000000000000282
2015-04-01,-99999,0.11225153364516527,0.01422594800333421,-0.017544973188805324,-0.009878474288945283,-0.001187984275407561,0.002014098690835686,0.013197969543147225,0.013202247191011152,-0.005519779208831732,-0.0010119284657235106,0.013050509277518607,-0.012107523359790706,-0.00887573964497046,-0.00801569370910793,7.477917473812656e-4,-9.059879678130489e-5,1.6109556702770256e-4,0.0015000000000000568,0,0
2015-05-01,-99999,0.047123344256055466,-0.011591753184824527,-0.03233873581342661,-0.016817141532972202,-3.6271701584944527e-4,0,-0.02004008016032066,0.04759264393309315,0.021276595744680993,0.021338778174289308,-0.004792807834916646,0.022675792086751967,-0.005970149253731294,-0.04613626905381274,3.936916500846266e-4,-2.117664646839046e-5,-0.0012397236545008683,0.015499999999999972,0.007000000000000029,0.0010000000000000141
2015-06-01,-0.008118597365677105,-0.0150343634900586,-0.0053814051272396135,0.03421256974346254,0.014738555212445936,-0.003944135078027156,0.00904522613064862,0.020449897750511203,-0.026817219477769938,0,-0.005597349258138484,0.006424292320668323,0.023595131000065273,0.002002002002001957,0.019214478382254763,-3.408966771710764e-4,-5.59165569309128e-4,-0.005569203834789427,-0.0035000000000000144,0,0
2015-07-01,-99999,-0.02067798456125336,3.7069169492864873e-4,0.0015698858054553622,0.026228651986214935,0.0068750234465557725,0,-0.011022044088176308,-0.06191080493110945,-0.012681159420289911,-0.0184635966905774,0.0033013788478908346,-0.007040484309815631,-9.990009990009652e-4,-0.053278471638270486,-0.0011073267159064093,-8.458504138154632e-4,-0.004828808528084649,-0.0025,-0.003999999999999986,-0.0020000000000000282
2015-08-01,-99999,0.03428209356482914,-0.02556036487775648,-0.07482662343225877,-0.04708198516921902,-0.003251280019920255,-0.017928286852585074,0.028368794326241176,-0.09517827809450186,0.003669724770642313,-0.01199272011944319,-0.0037894039269571467,-2.0259917719267495e-4,-0.005999999999999894,0.004067302444866083,-0.001216072910884658,-7.686775143848079e-4,-0.0021881183214086386,5.000000000000426e-4,-0.018000000000000044,-0.0029999999999999714
2015-09-01,-0.014078185573564217,0.010980578845654287,0.007330393624337628,0.03318180766525636,0.003941311060514652,-0.0044137754650389605,0.019269776876272626,0.015763546798029493,-0.008222981631781257,-0.002742230347349328,-0.0049081740220136005,0.006233804393126707,-0.018838358744055483,-0.005030181086519092,-0.002303308833939699,-5.835694976826789e-4,-5.922661649937488e-4,-1.742885002404826e-4,0.005499999999999972,-0.0029999999999999714,9.999999999999432e-4
2015-10-01,-99999,-0.008791086269653081,-0.018481779262817133,-0.02309912277802184,0.01828744810498817,-1.5709863521817802e-4,0.0019900497512426174,-0.014548981571290032,0.002799612361365167,-0.0036663611365719273,-0.002181382273921395,0.004222721337037605,-0.016012339105111573,0.005055611729019249,-2.565309600042198e-4,-4.908030637370553e-4,-2.8159621971224347e-4,-0.0010333187063792382,-0.005499999999999972,-0.008000000000000042,0
2015-11-01,-99999,-0.03141907933291277,-0.010302782324058901,0.03360895311946299,-0.016663259815648312,-0.0028578656526447865,-0.007944389275078123,-0.009842519685039353,-0.0686137657038548,-0.01931922723091084,-0.026381712611521224,-0.009513983941578763,0.013916447989436254,-0.001006036217303885,-0.0104635242158575,-7.777909882042966e-4,-2.1840577701148778e-4,-5.727078156589904e-4,-0.0010000000000000141,0.0020000000000000282,-0.0019999999999999575
2015-12-01,-0.01786278736860525,0.03986222039851195,-0.009136686483491974,-0.05321087237879951,0.001140378127241215,-0.0030484058304224293,-0.014014014014014697,-0.0029821073558647937,-0.0901544846668203,-0.0018761726078798668,-0.008733309077984197,0.01514415164792604,0.04199949180942686,0.002014098690835908,0.012856089815005856,-7.923969782617224e-4,-8.262037481399087e-5,-5.918544244796209e-4,-0.0010000000000000141,-0.007000000000000029,0.0010000000000000141
2016-01-01,-99999,-0.1099149447904656,-0.029849127140425202,-0.043273769466736334,0.01901084176949519,0.006717854103875043,0.016243654822332587,-0.015952143569292088,-0.08362899138367974,-0.009398496240601517,-0.02053711569534533,-0.010122677137099023,-0.024520293360018153,0.0010050251256281673,0.02330402154270539,-8.265822193099792e-4,1.6893068125156674e-4,-0.0011483337714924824,0,-0.01799999999999997,-0.0030000000000000426
2016-02-01,-99999,0.07683155388859464,0.01806311769411395,0.008661851775654927,-0.09706785649211935,-0.005807052987260919,-0.008991008991006244,0.02634245187436668,0.038855088495575174,0.004743833017077703,0.005576903856330029,0.012034745935614266,-5.410637065665913e-4,0.002008032128514081,0.01035933748728457,4.837237305568287e-4,5.50076257605614e-4,-0.0032756086325919087,0.004500000000000028,0.021000000000000015,-0.003999999999999986
2016-03-01,-0.05418598857287804,-0.05920812376355111,-0.007147745418599305,0.04084239888342478,0.03846650967143894,-0.0017917213336999804,0.005040322580645462,0,0.08651670437907621,-0.0018885741265345368,0.008658892533690343,-0.01786074129745907,0.005716520013880233,-0.002004008016032066,-0.03273510358003595,0.0027390815490668796,7.273622361216869e-4,-0.005695141311426344,-0.005,0.018999999999999986,0.012000000000000028
2016-04-01,-99999,0.007220546528132532,0.01632159846144665,-0.018854995934362684,0.03973374002322205,-0.0038694630809041897,-0.00401203610832479,-0.01184600197433372,0.05071664829106948,0.009460737937559083,0.013440926223355465,0.01549946938427782,0.005087625903261506,0.010040160642570184,0.04499821730496412,0.0016013036505917455,3.418306788975922e-4,-0.002234580120577312,0.007999999999999972,0,-0.0010000000000000141
2016-05-01,-99999,0.003002842501199865,0.004253502022087963,-0.007952451012856243,0.002081007574311844,2.6069759079461186e-4,-0.008056394763344188,0.03296703296703307,0.05841203217908375,9.372071227740086e-4,0.0021585764736717916,-0.011260787421509155,-8.625498283605371e-4,0.003976143141153132,-0.0012476271355907897,3.6455256200484953e-4,3.5482846894629994e-4,0.0016970437209868905,0.007999999999999972,0.0029999999999999714,0
2016-06-01,0.052392426445827533,-0.004468812875645156,0.0029598379176081213,0.08525290597964119,0.012093001774703849,0.0025453830107422526,0.007106598984771839,9.671179883945502e-4,0.04340163031504729,0.002808988764045006,0.005768788782936074,0.010142326331617602,0.0057644921614825595,0.006930693069306937,0.0014466181399859224,-1.6468052470031136e-4,3.163808430208803e-4,0.006767883216645787,0.0040000000000000565,0.012000000000000028,-0.0010000000000000141
2016-07-01,-99999,0.019335515573836837,0.012876785209569919,-0.047334776182111904,-0.0025335891555771095,0.002530952120082919,0.006048387096774022,-0.010628019323671412,-0.011402027027026973,-0.008403361344537785,-0.003004379672890134,-0.005468908306497933,0.010147779825825376,-0.002949852507374562,-0.030563588671812192,4.5682050855644363e-4,-2.4790457790968556e-4,0.0072027340363773895,-5.000000000000426e-4,0,-0.0010000000000000141
2016-08-01,-99999,0.007927339111030829,0.013320420541188094,-0.005025805991217158,-0.014194432944324098,-0.0037297158202939107,0.007014028056117505,-0.012695312500000111,0.00961127723195232,0.009416195856873921,0.006170273516030056,0.011449553052326422,0.0014460173730139747,0.001972386587770991,0.03934693330833339,0.001979720730495904,-4.8678644090816015e-4,0.0028701183864341395,-0.02,-0.025,0.005
2016-09-01,0.0035293001257705736,-0.03248265929131133,0.007581034454829716,-0.02294756380988261,0.04042936956452636,0.003844400986479757,0.002985074626864037,0.004945598417408492,0.006134969325153339,0,0.004271037501013986,-0.0035392757567168642,-0.0034123451143501793,0.003937007874015741,0.01331656076696941,0.0028354301189812414,6.074408094276507e-4,0.0016631249333780573,0.0125,0.012000000000000028,0
2016-10-01,-99999,0.03547033400513788,-0.012588222054307874,0.02336889572668177,-0.02289612460493684,0.003112420674500793,0.0029761904761889113,-0.008858267716535306,0.04930613961312025,-0.006529850746268662,0.0016023202912418544,-0.0012488716291311208,0.024274317808864465,0.004901960784313708,-0.04722503407559375,0.0037725868512432648,0.0010880947563793875,0.003811136732789322,-0.0025,0.007999999999999972,0.008000000000000042
2016-11-01,-99999,1.5442515295793768e-4,-0.013636067602331492,0.057011269215692995,0.061306723197182666,9.259763603677307e-4,0.008902077151330623,0.04667328699106266,-0.02524797114517574,-0.008450704225352212,-0.01143194188110197,0.022545624135063225,0.009758812625257685,0.01560975609756099,0.03259749626989494,0.0027146834640954243,0.0012402251480971849,0.004031522365096851,-4.999999999999716e-4,0.013999999999999986,0.005
2016-12-01,0.03771296766949628,0.020047622318745795,0.035976923267387884,0.01644400424112691,0.03143298631218583,0.0034867613883726722,0,-0.005692599620493399,0.097851783328194,-0.005681818181818121,0.0072937995550714785,0.010709260322974368,-0.0020460126001993206,0.008645533141210526,0.050747950069535586,6.634557562379406e-4,0.0011755949162541857,0.0033679218217936846,0.008500000000000014,0.01,-0.0030000000000000426
2017-01-01,-99999,-0.009412156907526614,0.009568196303378018,-0.032733754791054004,-0.09277305006463998,0.005962311329869907,-0.010784313725484496,0.02385496183206115,0.019567456230690006,0.00952380952380949,0.011289961531407045,-0.006748774280949221,-0.008015118919676545,-0.010476190476190417,-0.027181042340838846,1.3154972082540795e-4,0.0011745121051731644,0.004224711732605524,0.004499999999999957,0.008999999999999985,-0.0010000000000000141
2017-02-01,-99999,0.002024943567318749,0,0.11585953830826923,0.13166607918887419,-5.057578968279408e-4,0.006937561942513604,-0.026095060577819185,-6.427915518825156e-4,0.006603773584905603,0.013438599904404436,-0.0017361481234822174,0.04337294418793247,0.022136669874879722,-0.03732319885793478,4.1590120588264057e-4,0.0014101229308560725,0.00485240882962823,0.0175,0.021000000000000015,0.0030000000000000426
2017-03-01,0.010810300215218449,0.08420931288328415,-0.002375296912114022,-0.02553752012712518,-0.046293249891402044,-0.0027154113568746974,-9.842519685034912e-4,0.02200956937799048,-0.0430028484792796,0.00281162136832247,-4.0976561634153974e-4,0.02397466427035111,0.0019449972429332885,0.013182674199623268,0.03462249361154979,-1.589260794195857e-4,7.0709505912947e-4,0.0023947411461260337,0.0020000000000000282,-0.01,0.0019999999999999575
2017-04-01,-99999,-0.03778100862293987,-0.004255655750672327,0.09031116567020137,0.021383501950808625,0.011011184248046257,0.02561576354679418,-0.022471910112359494,0.004224675948151679,0.0018691588785046953,0.004630043611819623,-0.015882158539124003,-0.007321270638845134,9.293680297397522e-4,0.060375072463734636,-0.0011385785217354893,2.3896185817617877e-4,0.002134765234740321,0.0019999999999999575,-0.008999999999999985,-0.005999999999999943
2017-05-01,-99999,-0.019874766473099936,0.00394814191067816,-0.12085388405178421,-0.06701633311512256,-0.0017098439548505207,-0.017291066282421164,0.006704980842911823,-0.024285304522420947,0.012126865671641784,0.0022313714093389336,0.009434407805524403,-4.853231860723062e-4,0.003714020427112219,0.02858422473955069,-2.1385168815235556e-4,5.645038119588275e-4,8.307269449803201e-4,-0.007999999999999972,0.008999999999999985,0
2017-06-01,0.022030788673603086,0.025659521163982735,0.01160002848574515,0.10544817968225395,0.09087169268946216,0.001363982673523001,0.0097751710654983,-0.01236917221693623,-0.04536991670749624,0.006451612903225934,0.0070662369850171824,1.922139799377387e-4,-0.00493352956904225,0.00647548566142464,-0.02479946688141843,9.762343634338588e-4,0.0012279456817028134,0.0022334963206800396,0.01,0,0.005
2017-07-01,-99999,-0.006972674845390325,-0.0014235988892800089,0.0024896325227765637,-0.03706991203017307,-0.0018524896721776596,-0.0077444336882823706,0.0019267822736031004,0.02247998357626768,0.0146520146520146,0.012500854498237457,-0.0015414555367256888,0.02700042964555016,-0.0018382352941176405,-0.0020275158081316524,9.999291573294933e-4,0.0011231082030931372,0.003945498143925752,-0.0025,0.003999999999999986,-0.0030000000000000426
2017-08-01,-99999,0.0016073732852932565,0.002874756194042094,-0.02233004681535322,-0.014744538488550507,-0.0029145084033377344,0.014634146341455434,0.007692307692307665,0.040156610782049906,0.011732851985559511,0.011580772431062591,0.008092349758126227,-0.009177255408945761,0.009208103130755152,0.020595063053868046,0.001697815650491874,0.001380077699270288,0.006258339747972297,-0.0025,0.02,0.0030000000000000426
2017-09-01,0.04560937728791048,0.0014426997716667778,0.013778020776380684,0.14037625987185232,0.06443668222362109,-0.0015045282487632372,-0.010576923076917488,0.006679389312977069,0.04140526976160608,0.007136485280999194,0.01567087814297885,0.00395656741372874,-0.007743109418478,0.009124087591240837,-0.0020718134979179625,0.0013641728887889837,0.001212524082236932,0.01040473162232658,-0.0010000000000000141,0.011000000000000015,0.006999999999999958
2017-10-01,-99999,-0.0018580329628274939,0.005323820823766923,-0.21602347073985617,-0.05663595341994054,0.013344781974853559,0.003887269193389553,0.0028436018957345155,0.011214087117701554,-0.003542958370239213,-0.005095189780168985,-0.018769272420000482,0.01843443487085472,-0.004520795660036159,0.021788140901896957,-8.517613589477113e-4,3.4680003522091774e-4,0.00953013687134363,0.012000000000000028,-0.011000000000000015,-0.007999999999999972
2017-11-01,-99999,0.06262777464446634,0.022952829827183052,0.10509573075255729,0.07612861612026767,0.002599992463787837,0.008712487899317667,-0.003780718336483857,0.05049949592154701,0.003555555555555534,0.005480053604647539,0.03499119136946249,-0.008801426103096976,0.0072661217075387086,0.026699025840865254,-0.0012542104251510588,9.929286329923848e-5,0.0034173580838210427,0.013999999999999986,-0.006999999999999958,0.0019999999999999575
2017-12-01,0.046681574496019174,0.028783826151197678,0.026760563380281654,0.02437659739578657,0.021308199153210028,-5.627863320007975e-4,0.015355086372362381,-0.020872865275142316,0.007328563950444789,0.009743135518157642,0.013946294977737583,0.007250624888722301,-0.008507011028409894,9.017132551847329e-4,-0.022984834406929555,-0.0020584772390738193,1.1118427865453029e-4,0.001718882780532116,0.0025,0.01,-0.0019999999999999575
2018-01-01,-99999,-0.04631718632364623,-0.030499372500948363,0.05214399465102115,-0.0027560061658116197,-0.0037286305213584114,-0.041587901701320096,0.015503875968992276,0.0687684046423005,0.018421052631578894,0.027895636539414737,0.004386221056031259,0.03897272104561611,0.008108108108108247,0.028353770936599965,-0.002534349231000821,-1.358117235709111e-4,9.99870829758942e-4,-0.01,0.0010000000000000141,-0.0030000000000000426
2018-02-01,-99999,0.33042333383399924,0.02086218315371169,-0.041661684520880815,-0.012580090779222841,0.01077578072147678,0.025641025641021775,0.014312977099236734,-0.042058346839546235,8.613264427219658e-4,0.006431549136124204,-0.01227869160614381,0.011024490974908652,0.008042895442359255,0.041516538175942364,-0.0015777089488188123,-4.048267852663212e-4,9.366624029796267e-4,0.0020000000000000282,0.013999999999999986,-0.01
2018-03-01,0.02239995536320394,-0.26621289542510906,0.032622158001828216,0.011959270308456116,0.04136537901243642,2.2022698699730725e-4,0.010576923076927036,-0.01411100658513642,0.0030454276287961157,0.014629948364888179,4.8722647088772497e-4,-0.013470237658045114,-0.027092258869384267,-0.023049645390070927,-0.04218089703368877,0.0019151644581378857,-9.229804717121315e-4,-8.774553932153761e-4,-0.0035000000000000144,-0.01700000000000003,0.012000000000000028
2018-04-01,-99999,0.0922281332468482,-0.002998522156936856,-0.019236903631241642,-0.045121148609846284,0.004303053684302949,-0.005708848715505921,0.021946564885496178,0.04208484439571558,-0.006785411365564098,0.0018193502062866518,0.011551736953654856,0.03292921565908191,0.014519056261342866,-0.003915594156025826,0.0020891235410629427,-7.236397264381855e-4,-0.0015934706990105019,0.0025,-0.005,-0.0010000000000000141
2018-05-01,-99999,-0.009948948997748674,0.029387965542180705,0.028786719609310785,0.03394759706463635,-0.007869587513888887,0.0028708133971275807,0.0037348272642390157,0.03763353836192951,-0.01451750640478211,-0.014198343500154254,0.003743973207001039,0.006524231968976224,0.023255813953488413,0.0260512548682732,0.0014098502809396507,-7.341131712657045e-5,-0.003679097699367584,0.0025,0.006000000000000014,0.005
2018-06-01,0.013194524874723168,0.018718329275263956,-0.01565880364235861,-0.007828975452664477,-0.014931935085709447,0.006848275345244126,-0.010496183206110787,0,-0.008579673972389124,-0.004332755632582286,-0.004846656374449476,0.010125134683371062,0.023013283865237266,-0.014860139860139898,-0.00194929443609837,-5.97860462239197e-4,5.691508248362176e-5,-0.005832563593689444,0.0029999999999999714,0.008999999999999985,-0.003999999999999986
2018-07-01,-99999,-0.017900186978039745,-0.01599977385478657,0.03270149857337712,0.008248936138727903,0.004084070788022975,9.643201542905988e-4,-0.0018604651162791308,-0.019117299976398328,8.703220191470518e-4,-0.004175367153300358,-3.050999636211582e-5,-0.011552402765542813,0.007985803016858917,-0.0070756362798980454,-0.001587449606099467,-1.95094260937001e-4,-0.003023861193072741,-0.014499999999999957,-0.016999999999999956,-0.0029999999999999714
2018-08-01,-99999,-0.0079959208190582,-0.007627228199198588,0.016962253587498477,0.016831913901619533,0.004293640128710807,-0.0019267822736019902,0.013047530288909703,-0.005133140840551831,-0.005217391304347729,-8.620638472763842e-4,0.0021721576966460265,0.0016671808081478723,0.002640845070422726,0.008395956512688985,-0.0020057313811181476,-3.468753247026779e-4,-0.0015966797848205871,0.0014999999999999857,0.025999999999999943,9.999999999999432e-4
2018-09-01,0.006564727500152356,0.05873714433724331,0.013728867531264566,-0.019700467289813894,-0.007777290421480565,1.6465235642249e-4,-9.652509652505747e-4,-0.02023919043238276,0.04563044179296982,0.006118881118881037,0.008622808116189207,-0.0014621217230523786,0.004396894077629554,-0.009657594381036083,-0.0017460935752147133,-0.00325532974064624,-0.0011048643552481474,5.764583430154513e-4,-0.0010000000000000141,-0.015,-0.005
2018-10-01,-99999,-0.021972611066938486,0.003491036816517079,0.011826093979306007,0.01949517880590812,-8.04203809846693e-4,0.020289855072462837,0.014084507042253502,0.01958365458750988,-0.008688097306689846,-0.004980795407228067,0.007152197003424066,8.060850345881221e-5,0.025709219858156107,0.01082893992556011,-0.0038868756820700234,-0.001394848111607505,0.003539156611800376,-0.004500000000000028,-0.007999999999999972,-0.005999999999999943
2018-11-01,-99999,-0.016301060880438145,-0.015011169448357453,-0.04962263279959844,-0.061914051872619336,0.0017394252037701285,-0.00946969696969202,-0.020370370370370372,-0.09331518451300669,-0.004382120946538115,-0.013079712580970959,-0.010685970142802814,0.0031053566098246943,-0.011235955056179803,-0.021480208746230023,-0.00343526597904642,-0.0012233745071151825,0.006005455854520836,0.0030000000000000426,0.0029999999999999714,-0.0020000000000000282
2018-12-01,-0.011555481459600392,-0.0536628066660787,-0.017702886198826984,-0.028054373562186097,-0.02820183960067668,0.005806605900373629,0.0019120458891002112,-0.01417769376181477,-0.07147623019182658,8.802816901409827e-4,-0.00993101624997561,-0.011578789805660739,0.005869236028355651,0.00874125874125875,0.02258852818776047,-0.002669606386768386,-0.0016932818544961314,0.005403625078728602,-0.0075,-0.03799999999999997,-0.006000000000000014
2019-01-01,-99999,0.07410842043636512,0.007816118999124821,0.003794780563250333,0.05185030908231014,-0.0055569339032180975,-0.023854961832067256,0.004793863854266611,0.005928321207221643,0,0.0018466348996253323,0.014295587910377883,-0.03456337648648289,0,-0.02653327183588816,-6.426089030692195e-4,-0.0013284766790181424,0.004249727784351176,0.003999999999999986,0.005,0.0010000000000000141
2019-02-01,-99999,-0.027828400575041323,0.010768691997898872,-0.09288535565353662,-0.07116402970862057,-0.004916066806339936,0.0097751710654983,-0.026717557251908386,0.035806768461469796,0.0035180299032540052,0.013549925228293791,-0.013468741164487041,-0.0867977752959933,-0.01906412478336228,0.009330770222271134,0.0010935842286279307,-0.001173640671691012,0.002908134333595269,-0.0029999999999999714,-0.013999999999999986,-0.0029999999999999714
2019-03-01,-0.022364335868829688,0.0592063735455286,0.011072614407391601,0.06145792639135017,0.07369497481583576,-5.403808878020611e-4,-0.0038722168441411853,0.016666666666666607,0.014224137931034608,-0.002629272567922891,5.117475696545526e-4,0.0120780969808858,0.08003375516954758,0.019434628975264934,0.02774323732012607,0.002480427710799482,-8.347044171537199e-4,4.5748519723609604e-5,0.005499999999999972,0.005,0.012999999999999972
2019-04-01,-99999,-0.0834404174094382,-0.03202592915173419,0.014139091627828115,-0.013331916515910591,-0.008651719131271385,-9.718172983474993e-4,0.017357762777242103,0.027114322141946534,-0.0035149384885764245,-0.005273499945688376,-0.015746842122345894,-0.01755152565619067,0.008665511265164572,-0.020470056088626176,-2.0436807623902542e-4,-0.0011572562719541768,-2.4987979184942777e-4,-0.0014999999999999857,-0.012000000000000028,-0.003999999999999986
2019-05-01,-99999,0.03597393071481636,0.030659055373631894,-0.036375536901890326,0.01061944165687212,8.099401219379132e-4,0.01361867704279418,-0.00758293838862556,-0.018371400198609722,-0.003527336860670194,-0.008373868750393698,0.016480379472438633,0.03126069676488785,-0.004295532646048095,-0.010931075496661835,-0.0019596046831403813,-0.00132660576303667,-8.165342214198068e-4,-0.006499999999999986,-0.011000000000000015,-0.007000000000000029
2019-06-01,-0.0046154568426044484,0.008246262283100325,-0.027085047765572967,-0.03614414641963459,-0.07071050633898945,0.005599866683523302,-0.02591170825335487,0.0038204393505252288,-0.05622997808126795,0.005309734513274211,0.003075304934460732,-0.015662148195989323,0.016101184305100658,8.628127696288512e-4,-0.0035509875843847682,-0.0010406549440282742,-0.0015344437996765992,1.0984429654992134e-4,-0.012000000000000028,-0.006999999999999958,0
2019-07-01,-99999,-8.275475292036649e-4,0.008980582524271918,0.0315478150683286,0.028324018351893798,-0.004043890401613903,0.007881773399010639,0.0237868696479544,0.017239839213934793,-0.002640845070422504,-0.0028466341178716714,0.011557528672061723,-0.0013839547646685713,0.011206896551724022,0.03586351827563372,2.504884967906573e-4,-0.0017161246462876756,-0.001769319568155181,-0.005,-0.0030000000000000426,0.0030000000000000426
2019-08-01,-99999,-0.009147336365151859,0.0033167858522680227,0.015453071143516128,0.022106805815636177,0.005997706871635922,-0.01759530791787922,-0.014869888475836368,-0.04434492448191074,-0.003530450132391838,-0.011095303945441226,0.002355026808487537,0.004121947906552403,-0.0059676044330776445,-0.02119215098232141,6.370015166967669e-4,-0.0013677418891463455,-0.0018121587189884325,0.004500000000000028,-0.025,-0.0020000000000000282
2019-09-01,-0.003199227678116312,-0.006801926819123727,-0.014313115754599037,-0.027314876700763158,-0.029418468976576406,-0.006451490249573033,0.017910447761184445,0.017924528301886955,0.03381420564182669,-0.00620017714791854,-0.0010874031176525412,-0.008252241768253787,0.016871232200561526,0,0.030466750310151003,0.0011807336074882713,-0.0010893159214139247,9.760729365222431e-4,-0.0025,-0.005999999999999943,0.0029999999999999714
2019-10-01,-99999,0.010328917916805569,-0.00444473928618816,-0.007658907851896268,0.004506184396940283,-0.005582567464391008,-0.038123167155420745,-0.008341056533827662,-0.0242645098213492,0.0017825311942958333,4.892474617801401e-4,0.008186437379551048,0.006698792003335008,-0.0017152658662091813,0.005819301603827043,5.841398370804995e-4,-7.452288008635843e-5,0.0021270365250511958,0.0014999999999999857,0.0029999999999999714,-0.005
2019-11-01,-99999,-0.006185478497969021,0.005945373640449558,-0.027810320464999094,0.02430325427527036,0.009167939056143659,-0.0071138211382116845,0.0037383177570093906,0.029604663873201043,-8.89679715302516e-4,0.0012464544531824995,-0.008637364418744853,-0.0032550921066089034,-0.01632302405498287,0.03768650465752432,-0.00104213932111763,6.163344499674484e-4,0.002370298046300734,-0.006000000000000014,-0.003999999999999986,0.009000000000000057
2019-12-01,0.004808827086934198,0.0180142700357786,0.010134985942030994,0.04160053359079696,0.004729100697673516,0.0016760223927314577,0.0020470829068575114,0.038175046554934866,0.023091214721755238,0.008904719501335645,0.002013190728673342,0.008864955643355099,0.052335846568248634,-0.013973799126637543,-0.04359065138689444,-0.008486795125751678,9.271936847738971e-4,0.001047879257855877,4.999999999999716e-4,-0.0030000000000000426,0
2020-01-01,-99999,-0.31113729839030746,-0.01094409186625167,0.00596072094536404,-0.20791747349194578,-0.0012563411918137257,0.02042900919305457,-0.015246636771300448,-0.01219301279833962,0.003530450132391838,-8.234832538169812e-4,-0.020901269870804873,-0.1091089809351189,0.010628875110717306,0.015140434062463237,-0.01788708288215446,5.169783680023521e-4,-0.0037735063790654833,-0.009499999999999958,0.031000000000000014,-0.0020000000000000282
2020-02-01,-99999,0.5271555078878343,0.00825837440419619,0.019900620606504438,0.21978561483672898,-4.4027254967460294e-4,-0.002002002002001957,-0.04007285974499086,-0.08561673815985293,-0.0158311345646438,-0.010930871232257888,0.0019943185279838183,-0.12869292190889758,-0.07537248028045573,-0.024943973416038934,-0.01672954691966444,-0.002515704405511743,-0.007894522545114913,0.0035000000000000144,-0.007999999999999972,-0.14299999999999996
2020-03-01,-99999,-0.0934815083607019,-0.06465636918940243,-0.012129154084511762,-0.0010964688034750258,-0.05504400851186808,-0.038114343029088116,0.046489563567362335,-0.20306366682623267,0.008042895442359255,-0.0344046207676354,-0.01825607596981016,0.13294048829757266,0.04549763033175358,0.00887344319363148,0.02543843635177634,-0.007953731440914269,-0.003988207879371264,0.0014999999999999857,-0.01,0.16299999999999998
2020-04-01,-99999,0.03662908145233845,-99999,-0.2148491006592106,-5.295523909149003e-4,-0.13698995008843207,-99999,-99999,-0.11713118692936086,-99999,-99999,-99999,0.024070361548165664,-0.012692656391659063,-0.07277052306641052,0.02632376730993613,-0.014232260274751996,-99999,-0.09649999999999999,-0.07600000000000001,-0.012000000000000028
2020-05-01,-99999,-99999,-99999,-99999,-99999,-99999,-99999,-99999,-99999,-99999,-99999,-99999,-99999,-99999,-99999,-99999,-99999,-99999,-0.04800000000000004,-99999,-0.0019999999999999575
2020-06-01,-99999,-99999,-99999,-99999,-99999,-99999,-99999,-99999,-99999,-99999,-99999,-99999,-99999,-99999,-99999,-99999,-99999,-99999,-99999,-99999,-99999
